task,method,seed,stage_idx,lambda,val_regret,val_fairness,val_pred_mse,test_regret,test_fairness,test_pred_mse,stage_wallclock_sec,solver_calls_train,solver_calls_eval,decision_ms_train,decision_ms_eval,nan_or_inf_steps,exploding_steps,avg_grad_norm_combined,grad_norm_min,grad_norm_median,grad_norm_max,avg_cos_dec_pred,avg_cos_dec_fair,avg_cos_pred_fair,weight_norm,device,val_regret_normalized,test_regret_normalized,val_regret_normalized_true,test_regret_normalized_true,val_regret_normalized_pred_obj,test_regret_normalized_pred_obj,cumulative_wallclock_sec,method_label,alpha_fair,unfairness_level,group_bias,group_ratio,config_name
md_knapsack,fpto,22,0,0.0,,,,3.7315735853519136,0.7495734156200556,4.9951050184290935,0.1881160610000734,0,160.0,0.0,665.05630499978,0,0,0.3599508296976608,0.35990129334413956,0.35994960205846027,0.36000249851937166,0.0,0.0,0.31573499059693133,7.487126718789796,cpu,,0.07528400247345648,,0.13820421029325786,,,0.1881160610000734,FPTO,0.5,medium,0.3,0.6,FPTO
md_knapsack,fpto,22,1,0.5,,,,3.7307443449334166,0.7484005493733006,4.994619376913068,0.17513438900004985,0,160.0,0.0,678.3663030000753,0,0,0.450981784552547,0.4508430053987297,0.4509986340381001,0.4511014538469654,0.0,0.0,0.3160004648040061,7.487112552616807,cpu,,0.07526441710737722,,0.13817051875483993,,,0.36325045000012324,FPTO,0.5,medium,0.3,0.6,FPTO
md_knapsack,fpto,22,2,1.0,,,,3.729920793115047,0.7472271270836279,4.994132969248891,0.17130254999983663,0,160.0,0.0,661.9704800000363,0,0,0.585387125159631,0.5850786045265994,0.5853995238897249,0.5856902550523575,0.0,0.0,0.3164365037060377,7.487102520713705,cpu,,0.07524495827765394,,0.13813703733093813,,,0.5345529999999599,FPTO,0.5,medium,0.3,0.6,FPTO
md_knapsack,fpto,22,3,5.0,,,,3.723384765661038,0.7378044682033986,4.9902146614696195,0.17961103100014952,0,160.0,0.0,677.4421509999229,0,0,1.9549300596268637,1.9510388102847165,1.9556615139608766,1.9582879089849623,0.0,0.0,0.3195096740093054,7.4871690650724565,cpu,,0.0750905130211589,,0.13787130847871493,,,0.7141640310001094,FPTO,0.5,medium,0.3,0.6,FPTO
