task,method,seed,stage_idx,lambda,iter,alpha_t,beta_t,lr_t,loss_dec,loss_pred,loss_fair,grad_norm_dec,grad_norm_pred,grad_norm_fair,grad_norm_combined,delta_theta_l2,cos_dec_pred,cos_dec_fair,cos_pred_fair,solver_calls,decision_ms,nan_or_inf_flag,nan_or_inf_steps_so_far,exploding_steps_so_far,device,guided_norm_dec,guided_norm_pred,guided_scale,guided_ratio_pred_over_dec,guided_dir_norm,loss_dec_normalized,loss_dec_normalized_true,method_label,alpha_fair,unfairness_level,group_bias,group_ratio,config_name
md_knapsack,wdro,22,0,0.0,0,1.0,0.0,0.001,0.0,8.389432603074688,0.34995188519064796,1e-06,0.39643970165867587,1e-06,0.39643970165867587,0.0003964397016574152,0.0,0.0,0.0,0,0.0,0,0,0,cpu,,,,,,0.0,0.0,WDRO,2.0,medium,0.3,0.6,WDRO
md_knapsack,wdro,22,0,0.0,5,1.0,0.0,0.0009975062344139652,0.0,8.387122037178221,0.34975554594305563,1e-06,0.39651114701656576,1e-06,0.39651114701656576,0.0003955223411623995,0.0,0.0,0.0,0,0.0,0,0,0,cpu,,,,,,0.0,0.0,WDRO,2.0,medium,0.3,0.6,WDRO
md_knapsack,wdro,22,0,0.0,10,1.0,0.0,0.0009950248756218907,0.0,8.384818213781651,0.34955961925261775,1e-06,0.39654819947601155,1e-06,0.39654819947601155,0.00039457532286045016,0.0,0.0,0.0,0,0.0,0,0,0,cpu,,,,,,0.0,0.0,WDRO,2.0,medium,0.3,0.6,WDRO
md_knapsack,wdro,22,0,0.0,15,1.0,0.0,0.0009925558312655087,0.0,8.38252118965026,0.34936409167910115,1e-06,0.3966110189964913,1e-06,0.3966110189964913,0.00039365857964787366,0.0,0.0,0.0,0,0.0,0,0,0,cpu,,,,,,0.0,0.0,WDRO,2.0,medium,0.3,0.6,WDRO
md_knapsack,wdro,22,0,0.0,20,1.0,0.0,0.0009900990099009901,0.0,8.380231041319863,0.3491688812831576,1e-06,0.3965916891798986,1e-06,0.3965916891798986,0.0003926650387907352,0.0,0.0,0.0,0,0.0,0,0,0,cpu,,,,,,0.0,0.0,WDRO,2.0,medium,0.3,0.6,WDRO
md_knapsack,wdro,22,0,0.0,25,1.0,0.0,0.0009876543209876543,0.0,8.377948082877294,0.348973795815181,1e-06,0.3966605900206729,1e-06,0.3966605900206729,0.0003917635456981827,0.0,0.0,0.0,0,0.0,0,0,0,cpu,,,,,,0.0,0.0,WDRO,2.0,medium,0.3,0.6,WDRO
md_knapsack,wdro,22,0,0.0,30,1.0,0.0,0.0009852216748768474,0.0,8.37567089551987,0.34877902391887844,1e-06,0.39685817251825584,1e-06,0.39685817251825584,0.0003909932734157545,0.0,0.0,0.0,0,0.0,0,0,0,cpu,,,,,,0.0,0.0,WDRO,2.0,medium,0.3,0.6,WDRO
md_knapsack,wdro,22,0,0.0,35,1.0,0.0,0.0009828009828009828,0.0,8.37339703582441,0.3485851347353918,1e-06,0.39730259158862646,1e-06,0.39730259158862646,0.0003904693774814418,0.0,0.0,0.0,0,0.0,0,0,0,cpu,,,,,,0.0,0.0,WDRO,2.0,medium,0.3,0.6,WDRO
