task,method,seed,stage_idx,lambda,val_regret,val_fairness,val_pred_mse,test_regret,test_fairness,test_pred_mse,stage_wallclock_sec,solver_calls_train,solver_calls_eval,decision_ms_train,decision_ms_eval,nan_or_inf_steps,exploding_steps,avg_grad_norm_combined,grad_norm_min,grad_norm_median,grad_norm_max,avg_cos_dec_pred,avg_cos_dec_fair,avg_cos_pred_fair,weight_norm,device,val_regret_normalized,test_regret_normalized,val_regret_normalized_true,test_regret_normalized_true,val_regret_normalized_pred_obj,test_regret_normalized_pred_obj,cumulative_wallclock_sec,method_label,alpha_fair,unfairness_level,group_bias,group_ratio,config_name
md_knapsack,fpto,22,0,0.0,,,,76.1439481254409,0.7486328017793592,4.992696216467189,0.3596770199999355,0,160.0,0.0,1173.7981080000282,0,0,0.3600616051153397,0.35990129334413956,0.35999864925786806,0.3604837986247297,0.0,0.0,0.3157133635886583,7.487041621891675,cpu,,0.16210627119157256,,0.39995439033372293,,,0.3596770199999355,FPTO,2.0,medium,0.3,0.6,FPTO
md_knapsack,fpto,22,1,0.5,,,,76.1089421549805,0.7462846031673184,4.991723915357,0.17628097500005424,0,160.0,0.0,725.0598159998844,0,0,0.4512286213613548,0.4508430053987297,0.45110274748919654,0.4516965954724715,0.0,0.0,0.3164887333312141,7.48702183757932,cpu,,0.16203650154378785,,0.39974788226073554,,,0.5359579949999898,FPTO,2.0,medium,0.3,0.6,FPTO
md_knapsack,fpto,22,2,1.0,,,,76.07429668020805,0.743933996430477,4.990748520091873,0.18215985400001955,0,160.0,0.0,709.5797370000128,0,0,0.5859185749429032,0.5850786045265994,0.5857628931493963,0.5870594454852344,0.0,0.0,0.3173589048537516,7.487018635649974,cpu,,0.16196741036067763,,0.3995436141987967,,,0.7181178490000093,FPTO,2.0,medium,0.3,0.6,FPTO
md_knapsack,fpto,22,3,5.0,,,,75.81000729483483,0.7250480434425683,4.982864510672431,0.1863310740000088,0,160.0,0.0,689.3921299999874,0,0,1.958226780562176,1.9510388102847165,1.9576757681459114,1.9640266951727312,0.0,0.0,0.3224271929498642,7.48757949595584,cpu,,0.16143811988369783,,0.39798188847106303,,,0.9044489230000181,FPTO,2.0,medium,0.3,0.6,FPTO
