task,method,seed,stage_idx,lambda,iter,alpha_t,beta_t,lr_t,loss_dec,loss_pred,loss_fair,grad_norm_dec,grad_norm_pred,grad_norm_fair,grad_norm_combined,delta_theta_l2,cos_dec_pred,cos_dec_fair,cos_pred_fair,solver_calls,decision_ms,nan_or_inf_flag,nan_or_inf_steps_so_far,exploding_steps_so_far,device,guided_norm_dec,guided_norm_pred,guided_scale,guided_ratio_pred_over_dec,guided_dir_norm,loss_dec_normalized,loss_dec_normalized_true,method_label,alpha_fair,unfairness_level,group_bias,group_ratio,config_name
md_knapsack,wdro,44,0,0.0,0,1.0,0.0,0.001,0.0,8.132056262718416,0.01365962429622576,1e-06,0.40376273024826254,1e-06,0.40376273024826254,0.0004037627302470246,0.0,0.0,0.0,0,0.0,0,0,0,cpu,,,,,,0.0,0.0,WDRO,2.0,mild,0.1,0.5,WDRO
md_knapsack,wdro,44,0,0.0,5,1.0,0.0,0.0009975062344139652,0.0,8.129594195476677,0.013507958507963578,1e-06,0.40373414431675164,1e-06,0.40373414431675164,0.00040272732600051084,0.0,0.0,0.0,0,0.0,0,0,0,cpu,,,,,,0.0,0.0,WDRO,2.0,mild,0.1,0.5,WDRO
md_knapsack,wdro,44,0,0.0,10,1.0,0.0,0.0009950248756218907,0.0,8.127140619223477,0.013356598297290493,1e-06,0.4036761184567727,1e-06,0.4036761184567727,0.00040166777955774743,0.0,0.0,0.0,0,0.0,0,0,0,cpu,,,,,,0.0,0.0,WDRO,2.0,mild,0.1,0.5,WDRO
md_knapsack,wdro,44,0,0.0,15,1.0,0.0,0.0009925558312655087,0.0,8.124695927838335,0.0132054256380812,1e-06,0.4037057471695288,1e-06,0.4037057471695288,0.0004007004934672839,0.0,0.0,0.0,0,0.0,0,0,0,cpu,,,,,,0.0,0.0,WDRO,2.0,mild,0.1,0.5,WDRO
md_knapsack,wdro,44,0,0.0,20,1.0,0.0,0.0009900990099009901,0.0,8.122259259946045,0.013054616014592804,1e-06,0.4035929561543654,1e-06,0.4035929561543654,0.0003995969862902298,0.0,0.0,0.0,0,0.0,0,0,0,cpu,,,,,,0.0,0.0,WDRO,2.0,mild,0.1,0.5,WDRO
md_knapsack,wdro,44,0,0.0,25,1.0,0.0,0.0009876543209876543,0.0,8.119831006583382,0.012904167881695568,1e-06,0.4036301563308371,1e-06,0.4036301563308371,0.00039864706797985256,0.0,0.0,0.0,0,0.0,0,0,0,cpu,,,,,,0.0,0.0,WDRO,2.0,mild,0.1,0.5,WDRO
md_knapsack,wdro,44,0,0.0,30,1.0,0.0,0.0009852216748768474,0.0,8.11740729743294,0.012753375866812687,1e-06,0.4040716995316347,1e-06,0.4040716995316347,0.00039810019658167403,0.0,0.0,0.0,0,0.0,0,0,0,cpu,,,,,,0.0,0.0,WDRO,2.0,mild,0.1,0.5,WDRO
md_knapsack,wdro,44,0,0.0,35,1.0,0.0,0.0009828009828009828,0.0,8.114990316342432,0.012602793416443658,1e-06,0.4040675812954546,1e-06,0.4040675812954546,0.00039711801601397613,0.0,0.0,0.0,0,0.0,0,0,0,cpu,,,,,,0.0,0.0,WDRO,2.0,mild,0.1,0.5,WDRO
