task,method,seed,stage_idx,lambda,iter,alpha_t,beta_t,lr_t,loss_dec,loss_pred,loss_fair,grad_norm_dec,grad_norm_pred,grad_norm_fair,grad_norm_combined,delta_theta_l2,cos_dec_pred,cos_dec_fair,cos_pred_fair,solver_calls,decision_ms,nan_or_inf_flag,nan_or_inf_steps_so_far,exploding_steps_so_far,device,guided_norm_dec,guided_norm_pred,guided_scale,guided_ratio_pred_over_dec,guided_dir_norm,loss_dec_normalized,loss_dec_normalized_true,method_label,alpha_fair,unfairness_level,group_bias,group_ratio,config_name
md_knapsack,wdro,33,0,0.0,0,1.0,0.0,0.001,0.0,8.921471829880435,1.9136128523085734,1e-06,0.5459929082634294,1e-06,0.5459929082634294,0.0005459929082625144,0.0,0.0,0.0,0,0.0,0,0,0,cpu,,,,,,0.0,0.0,WDRO,2.0,high,0.5,0.75,WDRO
md_knapsack,wdro,33,0,0.0,5,1.0,0.0,0.0009975062344139652,0.0,8.917413629469205,1.9129802768177169,1e-06,0.5464246618337472,1e-06,0.5464246618337472,0.0005450620068157989,0.0,0.0,0.0,0,0.0,0,0,0,cpu,,,,,,0.0,0.0,WDRO,2.0,high,0.5,0.75,WDRO
md_knapsack,wdro,33,0,0.0,10,1.0,0.0,0.0009950248756218907,0.0,8.913363406496634,1.91234832243585,1e-06,0.5469853846442041,1e-06,0.5469853846442041,0.0005442640643216761,0.0,0.0,0.0,0,0.0,0,0,0,cpu,,,,,,0.0,0.0,WDRO,2.0,high,0.5,0.75,WDRO
md_knapsack,wdro,33,0,0.0,15,1.0,0.0,0.0009925558312655087,0.0,8.909321346781452,1.911716566584597,1e-06,0.5472524513676001,1e-06,0.5472524513676001,0.000543178611778343,0.0,0.0,0.0,0,0.0,0,0,0,cpu,,,,,,0.0,0.0,WDRO,2.0,high,0.5,0.75,WDRO
md_knapsack,wdro,33,0,0.0,20,1.0,0.0,0.0009900990099009901,0.0,8.905288229135902,1.9110844815331802,1e-06,0.5477898594584604,1e-06,0.5477898594584604,0.0005423661974827206,0.0,0.0,0.0,0,0.0,0,0,0,cpu,,,,,,0.0,0.0,WDRO,2.0,high,0.5,0.75,WDRO
md_knapsack,wdro,33,0,0.0,25,1.0,0.0,0.0009876543209876543,0.0,8.901261797068724,1.9104527964045661,1e-06,0.5482747085806134,1e-06,0.5482747085806134,0.000541505885016987,0.0,0.0,0.0,0,0.0,0,0,0,cpu,,,,,,0.0,0.0,WDRO,2.0,high,0.5,0.75,WDRO
md_knapsack,wdro,33,0,0.0,30,1.0,0.0,0.0009852216748768474,0.0,8.897242965223159,1.9098214495887431,1e-06,0.548741590362751,1e-06,0.548741590362751,0.0005406321087308725,0.0,0.0,0.0,0,0.0,0,0,0,cpu,,,,,,0.0,0.0,WDRO,2.0,high,0.5,0.75,WDRO
md_knapsack,wdro,33,0,0.0,35,1.0,0.0,0.0009828009828009828,0.0,8.893230522362543,1.9091901860414218,1e-06,0.5493787806133404,1e-06,0.5493787806133404,0.0005399300055158975,0.0,0.0,0.0,0,0.0,0,0,0,cpu,,,,,,0.0,0.0,WDRO,2.0,high,0.5,0.75,WDRO
