method,best_lambda,test_reg_n,test_reg_n_std,test_fair,test_fair_std,train_reg_n,train_fair,train_test_gap,early_stop_step
fplg,1.0,0.12738,0.00199,1.89999,0.13502,0.12208,1.91245,0.0053,70.0
fdfl-scal,0.0,0.13065,0.00194,1.73211,0.13745,0.12811,1.74196,0.00254,70.0
pcgrad,0.0,0.13627,0.00363,0.55301,0.39713,0.13106,0.25117,0.00521,70.0
wdro,0.0,0.14986,0.00236,1.59178,0.09547,0.14968,1.60086,0.00018,70.0
fpto,0.0,0.15337,0.0033,1.75032,0.0891,0.15357,1.76451,-0.0002,70.0
mgda,0.0,0.15409,0.00277,0.30292,0.05414,0.15498,0.30273,-0.00089,70.0
saa,0.0,0.27948,0.00241,0.001,0.0,0.27969,0.001,-0.00021,0.0
