task,method,seed,stage_idx,lambda,val_regret,val_fairness,val_pred_mse,test_regret,test_fairness,test_pred_mse,stage_wallclock_sec,solver_calls_train,solver_calls_eval,decision_ms_train,decision_ms_eval,nan_or_inf_steps,exploding_steps,avg_grad_norm_combined,grad_norm_min,grad_norm_median,grad_norm_max,avg_cos_dec_pred,avg_cos_dec_fair,avg_cos_pred_fair,weight_norm,device,val_regret_normalized,test_regret_normalized,val_regret_normalized_true,test_regret_normalized_true,val_regret_normalized_pred_obj,test_regret_normalized_pred_obj,cumulative_wallclock_sec,method_label,alpha_fair,unfairness_level,group_bias,group_ratio,config_name
md_knapsack,fplg,44,0,0.0,,,,72.5798760111024,2.1659361773388595,5.415888124188602,16.648359560000245,2880,160.0,16465.213584001503,1251.5500879999308,0,0,3.0268196469078523,0.40418747031190877,3.5666012552298754,5.058321815176013,0.13788549012835669,0.062087106315101726,0.5310885657075877,7.273588609027359,cpu,,0.16388226224252084,,0.40487593389047705,,,16.648359560000245,FDFL-Scal,2.0,high,0.5,0.75,FPLG
md_knapsack,fplg,44,1,0.5,,,,72.03062038944344,2.1502522238022044,5.3918529872075105,16.29432355400013,2880,160.0,16128.784420999636,781.4992690000508,0,0,3.351497069689998,0.5104830261277703,3.7196141082653624,6.845292836066336,0.09284422586719202,0.04701502943905282,0.5853457875044885,7.273886551233944,cpu,,0.1627949635227317,,0.4016352894036491,,,32.942683114000374,FDFL-Scal,2.0,high,0.5,0.75,FPLG
md_knapsack,fplg,44,2,1.0,,,,71.4678666609947,2.1317451044521425,5.365127640126412,16.14412180399995,2880,160.0,15975.066752999737,744.2091979996803,0,0,3.846340134311697,0.5752130326635182,4.339904605622657,7.318861494991451,0.11820743457896069,0.054873439151452943,0.5716144861257888,7.276424404543512,cpu,,0.16166379954340665,,0.39828643081409015,,,49.086804918000325,FDFL-Scal,2.0,high,0.5,0.75,FPLG
md_knapsack,fplg,44,3,5.0,,,,70.48815991931323,2.09705553298977,5.325095800297858,16.686756459000208,2880,160.0,16522.807763001765,810.936128999856,0,0,6.468995382236912,1.8282351428821864,7.204852318004516,11.835019317902674,0.10258530102246136,0.034136580218630266,0.6189101713003942,7.284318362714436,cpu,,0.1596607145174868,,0.39239199526785035,,,65.77356137700053,FDFL-Scal,2.0,high,0.5,0.75,FPLG
