task,method,seed,stage_idx,lambda,iter,alpha_t,beta_t,lr_t,loss_dec,loss_pred,loss_fair,grad_norm_dec,grad_norm_pred,grad_norm_fair,grad_norm_combined,delta_theta_l2,cos_dec_pred,cos_dec_fair,cos_pred_fair,solver_calls,decision_ms,nan_or_inf_flag,nan_or_inf_steps_so_far,exploding_steps_so_far,device,guided_norm_dec,guided_norm_pred,guided_scale,guided_ratio_pred_over_dec,guided_dir_norm,loss_dec_normalized,loss_dec_normalized_true,method_label,alpha_fair,unfairness_level,group_bias,group_ratio,config_name
md_knapsack,wdro,55,0,0.0,0,1.0,0.0,0.001,0.0,8.457579297517794,0.33425287169222745,1e-06,0.5250892917901449,1e-06,0.5250892917901449,0.0005250892917891931,0.0,0.0,0.0,0,0.0,0,0,0,cpu,,,,,,0.0,0.0,WDRO,2.0,medium,0.3,0.6,WDRO
md_knapsack,wdro,55,0,0.0,5,1.0,0.0,0.0009975062344139652,0.0,8.453534785184697,0.3338988992985761,1e-06,0.5251206574133209,1e-06,0.5251206574133209,0.0005238111295883937,0.0,0.0,0.0,0,0.0,0,0,0,cpu,,,,,,0.0,0.0,WDRO,2.0,medium,0.3,0.6,WDRO
md_knapsack,wdro,55,0,0.0,10,1.0,0.0,0.0009950248756218907,0.0,8.449504649831075,0.3335454095404904,1e-06,0.525192527905401,1e-06,0.525192527905401,0.0005225796297556716,0.0,0.0,0.0,0,0.0,0,0,0,cpu,,,,,,0.0,0.0,WDRO,2.0,medium,0.3,0.6,WDRO
md_knapsack,wdro,55,0,0.0,15,1.0,0.0,0.0009925558312655087,0.0,8.445486795290263,0.33319262400359617,1e-06,0.5254808944428409,1e-06,0.5254808944428409,0.0005215691259969099,0.0,0.0,0.0,0,0.0,0,0,0,cpu,,,,,,0.0,0.0,WDRO,2.0,medium,0.3,0.6,WDRO
md_knapsack,wdro,55,0,0.0,20,1.0,0.0,0.0009900990099009901,0.0,8.441480596410258,0.33284034002725194,1e-06,0.5255715346832692,1e-06,0.5255715346832692,0.0005203678561211032,0.0,0.0,0.0,0,0.0,0,0,0,cpu,,,,,,0.0,0.0,WDRO,2.0,medium,0.3,0.6,WDRO
md_knapsack,wdro,55,0,0.0,25,1.0,0.0,0.0009876543209876543,0.0,8.437487560614846,0.3324888245883919,1e-06,0.525854516154822,1e-06,0.525854516154822,0.0005193624850902428,0.0,0.0,0.0,0,0.0,0,0,0,cpu,,,,,,0.0,0.0,WDRO,2.0,medium,0.3,0.6,WDRO
md_knapsack,wdro,55,0,0.0,30,1.0,0.0,0.0009852216748768474,0.0,8.433505259402697,0.3321378499362324,1e-06,0.5260471104075702,1e-06,0.5260471104075702,0.0005182730151789404,0.0,0.0,0.0,0,0.0,0,0,0,cpu,,,,,,0.0,0.0,WDRO,2.0,medium,0.3,0.6,WDRO
md_knapsack,wdro,55,0,0.0,35,1.0,0.0,0.0009828009828009828,0.0,8.429534964470768,0.3317874526194626,1e-06,0.526189608586069,1e-06,0.526189608586069,0.0005171396644571172,0.0,0.0,0.0,0,0.0,0,0,0,cpu,,,,,,0.0,0.0,WDRO,2.0,medium,0.3,0.6,WDRO
