task,method,seed,stage_idx,lambda,val_regret,val_fairness,val_pred_mse,test_regret,test_fairness,test_pred_mse,stage_wallclock_sec,solver_calls_train,solver_calls_eval,decision_ms_train,decision_ms_eval,nan_or_inf_steps,exploding_steps,avg_grad_norm_combined,grad_norm_min,grad_norm_median,grad_norm_max,avg_cos_dec_pred,avg_cos_dec_fair,avg_cos_pred_fair,weight_norm,device,val_regret_normalized,test_regret_normalized,val_regret_normalized_true,test_regret_normalized_true,val_regret_normalized_pred_obj,test_regret_normalized_pred_obj,cumulative_wallclock_sec,method_label,alpha_fair,unfairness_level,group_bias,group_ratio,config_name
md_knapsack,fplg,22,0,0.0,,,,72.9745920239232,2.158150553347922,5.408532132391943,15.454323972999873,2880,160.0,15275.832486001036,741.088475999959,0,0,2.8356953069230193,0.3049923107409449,3.2143748211193044,5.7339393304322135,0.10928807179907789,0.07075137058852339,0.5367048323814052,7.486639250087993,cpu,,0.164936009211809,,0.4083826620836021,,,15.454323972999873,FDFL-Scal,2.0,high,0.5,0.75,FPLG
md_knapsack,fplg,22,1,0.5,,,,72.40483580530216,2.143707764888436,5.388959535080463,15.069044864000034,2880,160.0,14902.883005999456,671.411197999987,0,0,3.1743395994778765,0.4447693331913342,3.661217770736572,5.468750436794821,0.10666968662009788,0.07826233304186585,0.5477323981878089,7.486946348159362,cpu,,0.1638123690958187,,0.40501080435801107,,,30.523368836999907,FDFL-Scal,2.0,high,0.5,0.75,FPLG
md_knapsack,fplg,22,2,1.0,,,,71.67452740413908,2.1242743613091095,5.36421036301856,15.32335302499996,2880,160.0,15154.58422099914,789.6756879999884,0,0,3.9305169546703254,0.5719917237805382,4.605387554400622,6.923458884661791,0.13012302032709372,0.07650978875120067,0.5487218499194286,7.489083555147664,cpu,,0.16237594897859126,,0.40071471192453023,,,45.84672186199987,FDFL-Scal,2.0,high,0.5,0.75,FPLG
md_knapsack,fplg,22,3,5.0,,,,70.63041238230498,2.091459070869063,5.327483337516686,15.445102130000123,2880,160.0,15273.392034999006,722.4279459999252,0,0,7.169900714767325,1.6022305664400212,8.020743016319312,12.576686063895016,0.10389530870405887,0.04082925928851887,0.5515697360438281,7.496450247933108,cpu,,0.1603328935046137,,0.3946588387804463,,,61.29182399199999,FDFL-Scal,2.0,high,0.5,0.75,FPLG
