task,method,seed,stage_idx,lambda,val_regret,val_fairness,val_pred_mse,test_regret,test_fairness,test_pred_mse,stage_wallclock_sec,solver_calls_train,solver_calls_eval,decision_ms_train,decision_ms_eval,nan_or_inf_steps,exploding_steps,avg_grad_norm_combined,grad_norm_min,grad_norm_median,grad_norm_max,avg_cos_dec_pred,avg_cos_dec_fair,avg_cos_pred_fair,weight_norm,device,val_regret_normalized,test_regret_normalized,val_regret_normalized_true,test_regret_normalized_true,val_regret_normalized_pred_obj,test_regret_normalized_pred_obj,cumulative_wallclock_sec,method_label,alpha_fair,unfairness_level,group_bias,group_ratio,config_name
md_knapsack,fpto,55,0,0.0,,,,74.2400336508758,0.7248961089545156,4.991393629484278,0.2781373479999729,0,160.0,0.0,1185.8353370000714,0,0,0.4730455933676005,0.472697147610619,0.472998942467046,0.4735068692720506,0.0,0.0,0.3494639083935387,7.331609242175896,cpu,,0.1574383386559859,,0.38596830268104665,,,0.2781373479999729,FPTO,2.0,medium,0.3,0.6,FPTO
md_knapsack,fpto,55,1,0.5,,,,74.18646202493309,0.7212306391676778,4.989871014852053,0.24318275499990705,0,160.0,0.0,1196.7808650001643,0,0,0.5886022390780588,0.5875408587803893,0.5884827460493494,0.589868194856357,0.0,0.0,0.35055348731173236,7.331699641256994,cpu,,0.15733069822892423,,0.38565987108063904,,,0.52132010299988,FPTO,2.0,medium,0.3,0.6,FPTO
md_knapsack,fpto,55,2,1.0,,,,74.13345181986641,0.7175576766375247,4.988336722353676,0.3313011190000452,0,160.0,0.0,1060.9312990000035,0,0,0.7537060531373534,0.7514223581206324,0.7534710217511085,0.7562889978617559,0.0,0.0,0.3517905732395919,7.331816267518761,cpu,,0.1572239022058634,,0.3853541756527868,,,0.8526212219999252,FPTO,2.0,medium,0.3,0.6,FPTO
md_knapsack,fpto,55,3,5.0,,,,73.72755263966874,0.6878020372374509,4.975536080755446,0.173052842000061,0,160.0,0.0,775.400019000017,0,0,2.441452865468996,2.4160906570628238,2.4461063436437547,2.468863128018033,0.0,0.0,0.36183169730698345,7.333701503221941,cpu,,0.15639878676811791,,0.3829987506305626,,,1.0256740639999862,FPTO,2.0,medium,0.3,0.6,FPTO
