task,method,seed,stage_idx,lambda,iter,alpha_t,beta_t,lr_t,loss_dec,loss_pred,loss_fair,grad_norm_dec,grad_norm_pred,grad_norm_fair,grad_norm_combined,delta_theta_l2,cos_dec_pred,cos_dec_fair,cos_pred_fair,solver_calls,decision_ms,nan_or_inf_flag,nan_or_inf_steps_so_far,exploding_steps_so_far,device,guided_norm_dec,guided_norm_pred,guided_scale,guided_ratio_pred_over_dec,guided_dir_norm,loss_dec_normalized,loss_dec_normalized_true,method_label,alpha_fair,unfairness_level,group_bias,group_ratio,config_name
md_knapsack,wdro,33,0,0.0,0,1.0,0.0,0.001,0.0,8.25207103097113,0.30308460394711895,1e-06,0.49954232842783947,1e-06,0.49954232842783947,0.0004995423284268365,0.0,0.0,0.0,0,0.0,0,0,0,cpu,,,,,,0.0,0.0,WDRO,2.0,medium,0.3,0.6,WDRO
md_knapsack,wdro,33,0,0.0,5,1.0,0.0,0.0009975062344139652,0.0,8.248599660286713,0.3028304145806251,1e-06,0.49990049045292384,1e-06,0.49990049045292384,0.0004986538558123979,0.0,0.0,0.0,0,0.0,0,0,0,cpu,,,,,,0.0,0.0,WDRO,2.0,medium,0.3,0.6,WDRO
md_knapsack,wdro,33,0,0.0,10,1.0,0.0,0.0009950248756218907,0.0,8.245135480637266,0.3025767945902215,1e-06,0.5003629307409387,1e-06,0.5003629307409387,0.0004978735629253137,0.0,0.0,0.0,0,0.0,0,0,0,cpu,,,,,,0.0,0.0,WDRO,2.0,medium,0.3,0.6,WDRO
md_knapsack,wdro,33,0,0.0,15,1.0,0.0,0.0009925558312655087,0.0,8.24167875118123,0.3023237904559215,1e-06,0.500441127019315,1e-06,0.500441127019315,0.0004967157588271158,0.0,0.0,0.0,0,0.0,0,0,0,cpu,,,,,,0.0,0.0,WDRO,2.0,medium,0.3,0.6,WDRO
md_knapsack,wdro,33,0,0.0,20,1.0,0.0,0.0009900990099009901,0.0,8.238230855093633,0.30207161712489305,1e-06,0.5009417731055433,1e-06,0.5009417731055433,0.0004959819535688591,0.0,0.0,0.0,0,0.0,0,0,0,cpu,,,,,,0.0,0.0,WDRO,2.0,medium,0.3,0.6,WDRO
md_knapsack,wdro,33,0,0.0,25,1.0,0.0,0.0009876543209876543,0.0,8.234788833767649,0.30181975639892356,1e-06,0.5013644631674892,1e-06,0.5013644631674892,0.0004951747784360355,0.0,0.0,0.0,0,0.0,0,0,0,cpu,,,,,,0.0,0.0,WDRO,2.0,medium,0.3,0.6,WDRO
md_knapsack,wdro,33,0,0.0,30,1.0,0.0,0.0009852216748768474,0.0,8.231353683434047,0.30156837697265176,1e-06,0.5017143225180841,1e-06,0.5017143225180841,0.0004942998251399939,0.0,0.0,0.0,0,0.0,0,0,0,cpu,,,,,,0.0,0.0,WDRO,2.0,medium,0.3,0.6,WDRO
md_knapsack,wdro,33,0,0.0,35,1.0,0.0,0.0009828009828009828,0.0,8.227924900786856,0.30131733387170745,1e-06,0.5021653943058432,1e-06,0.5021653943058432,0.0004935286430514475,0.0,0.0,0.0,0,0.0,0,0,0,cpu,,,,,,0.0,0.0,WDRO,2.0,medium,0.3,0.6,WDRO
