task,method,seed,stage_idx,lambda,iter,alpha_t,beta_t,lr_t,loss_dec,loss_pred,loss_fair,grad_norm_dec,grad_norm_pred,grad_norm_fair,grad_norm_combined,delta_theta_l2,cos_dec_pred,cos_dec_fair,cos_pred_fair,solver_calls,decision_ms,nan_or_inf_flag,nan_or_inf_steps_so_far,exploding_steps_so_far,device,guided_norm_dec,guided_norm_pred,guided_scale,guided_ratio_pred_over_dec,guided_dir_norm,loss_dec_normalized,loss_dec_normalized_true,method_label,alpha_fair,unfairness_level,group_bias,group_ratio,config_name
md_knapsack,wdro,33,0,0.0,0,1.0,0.0,0.001,0.0,7.960722990979248,0.02760033906568928,1e-06,0.48216530560280557,1e-06,0.48216530560280557,0.00048216530560176856,0.0,0.0,0.0,0,0.0,0,0,0,cpu,,,,,,0.0,0.0,WDRO,2.0,mild,0.1,0.5,WDRO
md_knapsack,wdro,33,0,0.0,5,1.0,0.0,0.0009975062344139652,0.0,7.957459201842036,0.02774881192378706,1e-06,0.4826242998614094,1e-06,0.4826242998614094,0.00048142074799039676,0.0,0.0,0.0,0,0.0,0,0,0,cpu,,,,,,0.0,0.0,WDRO,2.0,mild,0.1,0.5,WDRO
md_knapsack,wdro,33,0,0.0,10,1.0,0.0,0.0009950248756218907,0.0,7.95420222233284,0.027897047453819084,1e-06,0.4829528216556407,1e-06,0.4829528216556407,0.00048055007129811704,0.0,0.0,0.0,0,0.0,0,0,0,cpu,,,,,,0.0,0.0,WDRO,2.0,mild,0.1,0.5,WDRO
md_knapsack,wdro,33,0,0.0,15,1.0,0.0,0.0009925558312655087,0.0,7.950952180426,0.0280450400455577,1e-06,0.4830110735544938,1e-06,0.4830110735544938,0.0004794154576213,0.0,0.0,0.0,0,0.0,0,0,0,cpu,,,,,,0.0,0.0,WDRO,2.0,mild,0.1,0.5,WDRO
md_knapsack,wdro,33,0,0.0,20,1.0,0.0,0.0009900990099009901,0.0,7.947710812683297,0.028192629101218006,1e-06,0.48348438311701,1e-06,0.48348438311701,0.00047869740902571856,0.0,0.0,0.0,0,0.0,0,0,0,cpu,,,,,,0.0,0.0,WDRO,2.0,mild,0.1,0.5,WDRO
md_knapsack,wdro,33,0,0.0,25,1.0,0.0,0.0009876543209876543,0.0,7.944475036873434,0.028340109642188357,1e-06,0.48388625179577,1e-06,0.48388625179577,0.00047791234745159185,0.0,0.0,0.0,0,0.0,0,0,0,cpu,,,,,,0.0,0.0,WDRO,2.0,mild,0.1,0.5,WDRO
md_knapsack,wdro,33,0,0.0,30,1.0,0.0,0.0009852216748768474,0.0,7.941245695685193,0.028487410658205037,1e-06,0.48421806807462225,1e-06,0.48421806807462225,0.00047706213603309234,0.0,0.0,0.0,0,0.0,0,0,0,cpu,,,,,,0.0,0.0,WDRO,2.0,mild,0.1,0.5,WDRO
md_knapsack,wdro,33,0,0.0,35,1.0,0.0,0.0009828009828009828,0.0,7.938022473600141,0.028634428551877054,1e-06,0.4846501257419698,1e-06,0.4846501257419698,0.00047631461989281577,0.0,0.0,0.0,0,0.0,0,0,0,cpu,,,,,,0.0,0.0,WDRO,2.0,mild,0.1,0.5,WDRO
