task,method,seed,stage_idx,lambda,iter,alpha_t,beta_t,lr_t,loss_dec,loss_pred,loss_fair,grad_norm_dec,grad_norm_pred,grad_norm_fair,grad_norm_combined,delta_theta_l2,cos_dec_pred,cos_dec_fair,cos_pred_fair,solver_calls,decision_ms,nan_or_inf_flag,nan_or_inf_steps_so_far,exploding_steps_so_far,device,guided_norm_dec,guided_norm_pred,guided_scale,guided_ratio_pred_over_dec,guided_dir_norm,loss_dec_normalized,loss_dec_normalized_true,method_label,alpha_fair,unfairness_level,group_bias,group_ratio,config_name
md_knapsack,wdro,44,0,0.0,0,1.0,0.0,0.001,0.0,8.431267560558029,0.3470782445945792,1e-06,0.41854723466461985,1e-06,0.41854723466461985,0.0004185472346634249,0.0,0.0,0.0,0,0.0,0,0,0,cpu,,,,,,0.0,0.0,WDRO,2.0,medium,0.3,0.6,WDRO
md_knapsack,wdro,44,0,0.0,5,1.0,0.0,0.0009975062344139652,0.0,8.428645549776117,0.34688281045442715,1e-06,0.4185216222232987,1e-06,0.4185216222232987,0.00041747792740359676,0.0,0.0,0.0,0,0.0,0,0,0,cpu,,,,,,0.0,0.0,WDRO,2.0,medium,0.3,0.6,WDRO
md_knapsack,wdro,44,0,0.0,10,1.0,0.0,0.0009950248756218907,0.0,8.426032712581668,0.3466876945520194,1e-06,0.4184479759037573,1e-06,0.4184479759037573,0.0004163661451766786,0.0,0.0,0.0,0,0.0,0,0,0,cpu,,,,,,0.0,0.0,WDRO,2.0,medium,0.3,0.6,WDRO
md_knapsack,wdro,44,0,0.0,15,1.0,0.0,0.0009925558312655087,0.0,8.423429272227597,0.34649284301436184,1e-06,0.41849275143265435,1e-06,0.41849275143265435,0.0004153774207756382,0.0,0.0,0.0,0,0.0,0,0,0,cpu,,,,,,0.0,0.0,WDRO,2.0,medium,0.3,0.6,WDRO
md_knapsack,wdro,44,0,0.0,20,1.0,0.0,0.0009900990099009901,0.0,8.420834109230114,0.34629844640581114,1e-06,0.4184133937253005,1e-06,0.4184133937253005,0.00041427068685555724,0.0,0.0,0.0,0,0.0,0,0,0,cpu,,,,,,0.0,0.0,WDRO,2.0,medium,0.3,0.6,WDRO
md_knapsack,wdro,44,0,0.0,25,1.0,0.0,0.0009876543209876543,0.0,8.4182479798658,0.3461045361207899,1e-06,0.41843002522933437,1e-06,0.41843002522933437,0.00041326422244754725,0.0,0.0,0.0,0,0.0,0,0,0,cpu,,,,,,0.0,0.0,WDRO,2.0,medium,0.3,0.6,WDRO
md_knapsack,wdro,44,0,0.0,30,1.0,0.0,0.0009852216748768474,0.0,8.415666608449902,0.34591067053944125,1e-06,0.41888693341970584,1e-06,0.41888693341970584,0.00041269648612661454,0.0,0.0,0.0,0,0.0,0,0,0,cpu,,,,,,0.0,0.0,WDRO,2.0,medium,0.3,0.6,WDRO
md_knapsack,wdro,44,0,0.0,35,1.0,0.0,0.0009828009828009828,0.0,8.413092690927876,0.34571715154446103,1e-06,0.4186604456636356,1e-06,0.4186604456636356,0.0004114598974569408,0.0,0.0,0.0,0,0.0,0,0,0,cpu,,,,,,0.0,0.0,WDRO,2.0,medium,0.3,0.6,WDRO
