task,method,seed,stage_idx,lambda,val_regret,val_fairness,val_pred_mse,test_regret,test_fairness,test_pred_mse,stage_wallclock_sec,solver_calls_train,solver_calls_eval,decision_ms_train,decision_ms_eval,nan_or_inf_steps,exploding_steps,avg_grad_norm_combined,grad_norm_min,grad_norm_median,grad_norm_max,avg_cos_dec_pred,avg_cos_dec_fair,avg_cos_pred_fair,weight_norm,device,val_regret_normalized,test_regret_normalized,val_regret_normalized_true,test_regret_normalized_true,val_regret_normalized_pred_obj,test_regret_normalized_pred_obj,cumulative_wallclock_sec,method_label,alpha_fair,unfairness_level,group_bias,group_ratio,config_name
md_knapsack,fpto,22,0,0.0,,,,73.68704971907565,0.5009083288453499,4.739850490909678,0.18775879700001497,0,160.0,0.0,803.2199419999984,0,0,0.3431951555938895,0.34301660020583136,0.3430866976305377,0.34352461921670424,0.0,0.0,0.21547875882455206,7.487041459147438,cpu,,0.1541403530125241,,0.37817119401936405,,,0.18775879700001497,FPTO,2.0,mild,0.1,0.5,FPTO
md_knapsack,fpto,22,1,0.5,,,,73.65705014433829,0.49851827419706735,4.73914177325632,0.18719160599999896,0,160.0,0.0,770.0718529999904,0,0,0.41976803931035284,0.41936662585956014,0.41967824989840063,0.4204483122377524,0.0,0.0,0.2160794406528958,7.487053567620433,cpu,,0.15408302434106463,,0.37800068677209187,,,0.3749504030000139,FPTO,2.0,mild,0.1,0.5,FPTO
md_knapsack,fpto,22,2,1.0,,,,73.62733354414308,0.49612271079470627,4.738426795634287,0.19998495300001196,0,160.0,0.0,779.0255929999716,0,0,0.5465782327281199,0.5457120405535947,0.5463643361029246,0.547701633729402,0.0,0.0,0.2169288742706666,7.487081632649384,cpu,,0.15402631804025563,,0.3778321455581394,,,0.5749353560000259,FPTO,2.0,mild,0.1,0.5,FPTO
md_knapsack,fpto,22,3,5.0,,,,73.49727685777955,0.4851922244130253,4.735153565646729,0.18939144199998736,0,160.0,0.0,763.3317739999939,0,0,1.3580421447986804,0.3356532443578029,1.866082753692417,1.893298225150876,0.0,0.0,0.10934275001760581,7.487404489860675,cpu,,0.1537777263943094,,0.3770941278435765,,,0.7643267980000132,FPTO,2.0,mild,0.1,0.5,FPTO
