task,method,seed,stage_idx,lambda,val_regret,val_fairness,val_pred_mse,test_regret,test_fairness,test_pred_mse,stage_wallclock_sec,solver_calls_train,solver_calls_eval,decision_ms_train,decision_ms_eval,nan_or_inf_steps,exploding_steps,avg_grad_norm_combined,grad_norm_min,grad_norm_median,grad_norm_max,avg_cos_dec_pred,avg_cos_dec_fair,avg_cos_pred_fair,weight_norm,device,val_regret_normalized,test_regret_normalized,val_regret_normalized_true,test_regret_normalized_true,val_regret_normalized_pred_obj,test_regret_normalized_pred_obj,cumulative_wallclock_sec,method_label,alpha_fair,unfairness_level,group_bias,group_ratio,config_name
md_knapsack,fpto,22,0,0.0,,,,73.39174724502655,2.1656508271403982,5.4202404103815836,0.18065750599998864,0,160.0,0.0,758.0467170000702,0,0,0.3995637506635434,0.39928107098726484,0.399437256876475,0.40005823250014294,0.0,0.0,0.6047049933828545,7.48706209392541,cpu,,0.16572946837511293,,0.4107987492622668,,,0.18065750599998864,FPTO,2.0,high,0.5,0.75,FPTO
md_knapsack,fpto,22,1,0.5,,,,73.35088713889138,2.1637234005861226,5.418522146731238,0.19699695400004202,0,160.0,0.0,716.6438149999976,0,0,0.5212815357091195,0.5209005603646414,0.5212664563166455,0.5218159162193198,0.0,0.0,0.6052875419275164,7.486986668212456,cpu,,0.16564216687741332,,0.4105420367254934,,,0.37765446000003067,FPTO,2.0,high,0.5,0.75,FPTO
md_knapsack,fpto,22,2,1.0,,,,73.31035350362694,2.161796468530028,5.41680278566246,0.18968234900012249,0,160.0,0.0,738.8347339999655,0,0,0.6651256103069892,0.6645633687889718,0.6653012015942601,0.66557975082931,0.0,0.0,0.6059493966934164,7.48692614780596,cpu,,0.16555554444565299,,0.41028761797191027,,,0.5673368090001532,FPTO,2.0,high,0.5,0.75,FPTO
md_knapsack,fpto,22,3,5.0,,,,72.99845758881641,2.1464326687239925,5.403063705575043,0.17162092700004905,0,160.0,0.0,923.8859269999011,0,0,1.9772066495675467,1.9760829784205125,1.9771387491334629,1.9785769147684003,0.0,0.0,0.6100178112753503,7.48697531139225,cpu,,0.1648863354465501,,0.4083271000316559,,,0.7389577360002022,FPTO,2.0,high,0.5,0.75,FPTO
