task,method,seed,stage_idx,lambda,val_regret,val_fairness,val_pred_mse,test_regret,test_fairness,test_pred_mse,stage_wallclock_sec,solver_calls_train,solver_calls_eval,decision_ms_train,decision_ms_eval,nan_or_inf_steps,exploding_steps,avg_grad_norm_combined,grad_norm_min,grad_norm_median,grad_norm_max,avg_cos_dec_pred,avg_cos_dec_fair,avg_cos_pred_fair,weight_norm,device,val_regret_normalized,test_regret_normalized,val_regret_normalized_true,test_regret_normalized_true,val_regret_normalized_pred_obj,test_regret_normalized_pred_obj,cumulative_wallclock_sec,method_label,alpha_fair,unfairness_level,group_bias,group_ratio,config_name
md_knapsack,fplg,33,0,0.0,,,,72.22483167093698,2.124327042934047,5.3402606647612,15.872852594999813,2880,160.0,15704.666202000453,720.6729839999753,0,0,3.0637481664961568,0.40970702923348834,3.479281123925051,5.598499523486244,0.10040012245256684,0.0855101031249418,0.5735014073293492,7.242520750272593,cpu,,0.1631023737853768,,0.4028058190858575,,,15.872852594999813,FDFL-Scal,2.0,high,0.5,0.75,FPLG
md_knapsack,fplg,33,1,0.5,,,,71.55413422910844,2.1065478175627472,5.315216248778655,15.771153716999834,2880,160.0,15604.26855899982,772.2029470000962,0,0,3.492361207194994,0.540735567504229,3.8521673154646328,6.34073737550506,0.07607094117534682,0.06218953502181723,0.6152457401916773,7.245692236518434,cpu,,0.16179459782858271,,0.39888557714763967,,,31.644006311999647,FDFL-Scal,2.0,high,0.5,0.75,FPLG
md_knapsack,fplg,33,2,1.0,,,,70.68538851102021,2.079549770574206,5.2770569720555285,15.96788616699996,2880,160.0,15799.955735999674,759.8578770000586,0,0,4.618977275926393,0.7406118714526113,5.08331577339651,10.395391580018348,0.13677727752640395,0.10018931508992564,0.6050258924575849,7.253643441332214,cpu,,0.16006603762127475,,0.3937975371007304,,,47.61189247899961,FDFL-Scal,2.0,high,0.5,0.75,FPLG
md_knapsack,fplg,33,3,5.0,,,,69.25285126799086,2.0277019763295865,5.216693703991981,15.922986370999979,2880,160.0,15757.844308000813,1164.1007580001315,0,0,8.424433121784249,2.194743759942947,9.241451830684142,13.662461841751108,0.08113049762738025,0.07805111520632106,0.6048070856412606,7.270079238006532,cpu,,0.1571128657866402,,0.38516151118584896,,,63.534878849999586,FDFL-Scal,2.0,high,0.5,0.75,FPLG
