task,method,seed,stage_idx,lambda,iter,alpha_t,beta_t,lr_t,loss_dec,loss_pred,loss_fair,grad_norm_dec,grad_norm_pred,grad_norm_fair,grad_norm_combined,delta_theta_l2,cos_dec_pred,cos_dec_fair,cos_pred_fair,solver_calls,decision_ms,nan_or_inf_flag,nan_or_inf_steps_so_far,exploding_steps_so_far,device,guided_norm_dec,guided_norm_pred,guided_scale,guided_ratio_pred_over_dec,guided_dir_norm,loss_dec_normalized,loss_dec_normalized_true,alpha_fair,config_name,tag,mo_grad_norm_decision_regret,mo_grad_norm_pred_fairness,mo_grad_norm_pred_loss,mo_cos_decision_regret_pred_fairness,mo_cos_decision_regret_pred_loss,mo_cos_pred_fairness_pred_loss,direction_alignment_with_dec_regret,stationarity_proxy,mo_pcgrad_n_projections,mo_pcgrad_conflict_fraction,mo_method
md_knapsack,fpto,11,0,0.0,0,1.0,0.0,0.0005,5.7161288506423915,0.8768802139241326,0.04634080230113183,1e-06,0.5131076654284478,0.5007783785595729,0.5131076654284478,0.00025655383271373886,0.0,0.0,-0.031122903027897945,24,34.96366699999997,0,0,0,cpu,,,,,,0.10695237977986109,0.2540230444356982,2.0,FPTO,smoke,,,,,,,,,,,
md_knapsack,fdfl,11,0,0.0,0,0.0,0.0,0.0005,5.7161288506423915,0.8768802139241326,0.04634080230113183,5.527480213726609,1e-06,0.5007783785595729,5.527480213726609,0.0027637401068632546,0.0,-0.24386413571193521,0.0,180,206.21233299999986,0,0,0,cpu,,,,,,0.10695237977986109,0.2540230444356982,2.0,FDFL,smoke,,,,,,,,,,,
md_knapsack,pcgrad,11,0,0.0,0,1.0,0.0,0.0005,5.7161288506423915,0.8768802139241326,0.04634080230113183,5.527480213726609,0.5131076654284478,0.5007783785595729,5.787901346702156,0.0028939506733510353,0.6001747794517501,-0.24386413571193521,-0.031122903027897945,180,205.80745799999977,0,0,0,cpu,,,,,,0.10695237977986109,0.2540230444356982,2.0,PCGrad,smoke,5.527480213726609,0.5007783785595729,0.5131076654284478,-0.24386413571193521,0.6001747794517501,-0.031122903027897945,0.9447616249691265,0.35286831827354803,4.0,0.6666666666666666,pcgrad
