task,method,seed,stage_idx,lambda,iter,alpha_t,beta_t,lr_t,loss_dec,loss_pred,loss_fair,grad_norm_dec,grad_norm_pred,grad_norm_fair,grad_norm_combined,delta_theta_l2,cos_dec_pred,cos_dec_fair,cos_pred_fair,solver_calls,decision_ms,nan_or_inf_flag,nan_or_inf_steps_so_far,exploding_steps_so_far,device,guided_norm_dec,guided_norm_pred,guided_scale,guided_ratio_pred_over_dec,guided_dir_norm,loss_dec_normalized,loss_dec_normalized_true,method_label,alpha_fair,unfairness_level,group_bias,group_ratio,config_name
md_knapsack,wdro,11,0,0.0,0,1.0,0.0,0.001,0.0,7.919406478677897,0.015498018174685919,1e-06,0.4875920498713509,1e-06,0.4875920498713509,0.0004875920498703311,0.0,0.0,0.0,0,0.0,0,0,0,cpu,,,,,,0.0,0.0,WDRO,2.0,mild,0.1,0.5,WDRO
md_knapsack,wdro,11,0,0.0,5,1.0,0.0,0.0009975062344139652,0.0,7.9159866524037215,0.015307757430722888,1e-06,0.4876878285669351,1e-06,0.4876878285669351,0.00048647164944230504,0.0,0.0,0.0,0,0.0,0,0,0,cpu,,,,,,0.0,0.0,WDRO,2.0,mild,0.1,0.5,WDRO
md_knapsack,wdro,11,0,0.0,10,1.0,0.0,0.0009950248756218907,0.0,7.912579730327645,0.015119147304281107,1e-06,0.4875728232912448,1e-06,0.4875728232912448,0.0004851470878509689,0.0,0.0,0.0,0,0.0,0,0,0,cpu,,,,,,0.0,0.0,WDRO,2.0,mild,0.1,0.5,WDRO
md_knapsack,wdro,11,0,0.0,15,1.0,0.0,0.0009925558312655087,0.0,7.909183616334102,0.014931403025654535,1e-06,0.48777534318981425,1e-06,0.48777534318981425,0.0004841442612295708,0.0,0.0,0.0,0,0.0,0,0,0,cpu,,,,,,0.0,0.0,WDRO,2.0,mild,0.1,0.5,WDRO
md_knapsack,wdro,11,0,0.0,20,1.0,0.0,0.0009900990099009901,0.0,7.9057963282149615,0.014744266236684789,1e-06,0.48798217276665595,1e-06,0.48798217276665595,0.00048315066610458664,0.0,0.0,0.0,0,0.0,0,0,0,cpu,,,,,,0.0,0.0,WDRO,2.0,mild,0.1,0.5,WDRO
md_knapsack,wdro,11,0,0.0,25,1.0,0.0,0.0009876543209876543,0.0,7.902419409940243,0.014558346091339132,1e-06,0.48801693086742765,1e-06,0.48801693086742765,0.00048199203048533235,0.0,0.0,0.0,0,0.0,0,0,0,cpu,,,,,,0.0,0.0,WDRO,2.0,mild,0.1,0.5,WDRO
md_knapsack,wdro,11,0,0.0,30,1.0,0.0,0.0009852216748768474,0.0,7.899052031043536,0.014373280821726488,1e-06,0.4882085242460777,1e-06,0.4882085242460777,0.0004809936199458668,0.0,0.0,0.0,0,0.0,0,0,0,cpu,,,,,,0.0,0.0,WDRO,2.0,mild,0.1,0.5,WDRO
md_knapsack,wdro,11,0,0.0,35,1.0,0.0,0.0009828009828009828,0.0,7.895694156118699,0.014188660953207217,1e-06,0.4883529134344858,1e-06,0.4883529134344858,0.00047995372327613183,0.0,0.0,0.0,0,0.0,0,0,0,cpu,,,,,,0.0,0.0,WDRO,2.0,mild,0.1,0.5,WDRO
