task,method,seed,stage_idx,lambda,val_regret,val_fairness,val_pred_mse,test_regret,test_fairness,test_pred_mse,stage_wallclock_sec,solver_calls_train,solver_calls_eval,decision_ms_train,decision_ms_eval,nan_or_inf_steps,exploding_steps,avg_grad_norm_combined,grad_norm_min,grad_norm_median,grad_norm_max,avg_cos_dec_pred,avg_cos_dec_fair,avg_cos_pred_fair,weight_norm,device,val_regret_normalized,test_regret_normalized,val_regret_normalized_true,test_regret_normalized_true,val_regret_normalized_pred_obj,test_regret_normalized_pred_obj,cumulative_wallclock_sec,method_label,alpha_fair,unfairness_level,group_bias,group_ratio,config_name
md_knapsack,fplg,11,0,0.0,,,,3.6944590334611833,0.7487874877520369,4.939541522445712,14.306323928999973,2880,160.0,14151.606617999732,687.9711729998235,0,0,0.7495990756915698,0.3235283559763632,0.7036758268731915,1.2740225392385003,0.14798169729938518,0.06594861619069256,0.32141738394735525,7.396593995759303,cpu,,0.0743031926894675,,0.1365032199674387,,,14.306323928999973,FDFL-Scal,0.5,medium,0.3,0.6,FPLG
md_knapsack,fplg,11,1,0.5,,,,3.6896945108114196,0.7469178201005984,4.93609136552499,14.729999015999965,2880,160.0,14581.638212999223,1276.132202000099,0,0,0.8645686511568733,0.48655482496663216,0.849168413415488,1.6922029120155762,0.13194735778861655,0.07171956969018918,0.24870902537322398,7.396546604857597,cpu,,0.07419746262342644,,0.1363251135892034,,,29.036322944999938,FDFL-Scal,0.5,medium,0.3,0.6,FPLG
md_knapsack,fplg,11,2,1.0,,,,3.6841610156356794,0.744312819476984,4.9318433454057535,13.989697999999862,2880,160.0,13822.787579000305,1067.6726370002143,0,0,0.98219250955818,0.6027371872357965,0.9339291253505364,1.3785966946416313,0.18715153755489083,0.1020773702807091,0.35163977370980126,7.396494881770041,cpu,,0.07407313614722102,,0.13611502216185203,,,43.0260209449998,FDFL-Scal,0.5,medium,0.3,0.6,FPLG
md_knapsack,fplg,11,3,5.0,,,,3.6758103304050684,0.7414238410324581,4.926795503612432,13.913473268999951,2880,160.0,13749.746783999399,1056.9968050003808,0,0,2.2045318800420555,1.119937468236029,2.063514372577819,3.4241301187017066,0.1610482403733075,0.012699097489138856,0.24366884284076845,7.39654706131526,cpu,,0.0738856857230471,,0.13579951314890512,,,56.93949421399975,FDFL-Scal,0.5,medium,0.3,0.6,FPLG
