task,method,seed,stage_idx,lambda,val_regret,val_fairness,val_pred_mse,test_regret,test_fairness,test_pred_mse,stage_wallclock_sec,solver_calls_train,solver_calls_eval,decision_ms_train,decision_ms_eval,nan_or_inf_steps,exploding_steps,avg_grad_norm_combined,grad_norm_min,grad_norm_median,grad_norm_max,avg_cos_dec_pred,avg_cos_dec_fair,avg_cos_pred_fair,weight_norm,device,val_regret_normalized,test_regret_normalized,val_regret_normalized_true,test_regret_normalized_true,val_regret_normalized_pred_obj,test_regret_normalized_pred_obj,cumulative_wallclock_sec,method_label,alpha_fair,unfairness_level,group_bias,group_ratio,config_name
md_knapsack,fplg,22,0,0.0,,,,75.67907825245705,0.7423661276704235,4.981573279269684,15.431234292999989,2880,160.0,15260.276751000674,745.6574209998053,0,0,2.9644407857361945,0.2775279468847747,3.407433711994688,6.951302662369674,0.11462759801423887,0.0008111163728972734,0.23593697874430636,7.486068287501998,cpu,,0.16130607826750576,,0.39750281003913296,,,15.431234292999989,FDFL-Scal,2.0,medium,0.3,0.6,FPLG
md_knapsack,fplg,22,1,0.5,,,,75.16327077634803,0.7358029458032216,4.966981610500318,15.262852337999902,2880,160.0,15084.200668999983,742.4282050001239,0,0,3.160632850589671,0.3933834652440193,3.3533960004076855,6.504707975649704,0.11425219355476654,0.07289888703079705,0.23445695964193178,7.4856995681371,cpu,,0.16041441459039882,,0.3947833955268707,,,30.69408663099989,FDFL-Scal,2.0,medium,0.3,0.6,FPLG
md_knapsack,fplg,22,2,1.0,,,,74.66331252628194,0.7297977921457071,4.953520363250141,15.203204308000068,2880,160.0,15035.034756999949,694.8476389998177,0,0,3.658956724761751,0.5040402111563851,4.077428115108713,7.204719435429706,0.07660007328892289,0.020185900803886454,0.23851451295758977,7.486394895391555,cpu,,0.1595489963426086,,0.39216143695195804,,,45.89729093899996,FDFL-Scal,2.0,medium,0.3,0.6,FPLG
md_knapsack,fplg,22,3,5.0,,,,73.78592159741525,0.7075941198527095,4.931364126758253,15.228638278000062,2880,160.0,15063.315889999785,745.5608089999259,0,0,6.785604344135845,1.6434959568870022,7.4667110995955,11.23802289710602,0.12651249068184747,0.016309804463754175,0.25792900062980306,7.488929601267038,cpu,,0.15797650838162064,,0.38742577007748563,,,61.12592921700002,FDFL-Scal,2.0,medium,0.3,0.6,FPLG
