task,method,seed,stage_idx,lambda,val_regret,val_fairness,val_pred_mse,test_regret,test_fairness,test_pred_mse,stage_wallclock_sec,solver_calls_train,solver_calls_eval,decision_ms_train,decision_ms_eval,nan_or_inf_steps,exploding_steps,avg_grad_norm_combined,grad_norm_min,grad_norm_median,grad_norm_max,avg_cos_dec_pred,avg_cos_dec_fair,avg_cos_pred_fair,weight_norm,device,val_regret_normalized,test_regret_normalized,val_regret_normalized_true,test_regret_normalized_true,val_regret_normalized_pred_obj,test_regret_normalized_pred_obj,cumulative_wallclock_sec,method_label,alpha_fair,unfairness_level,group_bias,group_ratio,config_name
md_knapsack,fplg,11,0,0.0,,,,72.77211401476504,2.1602311808885597,5.343491154908992,16.060665857000004,2880,160.0,15892.924853000295,811.5636899999572,0,0,3.2725148358100578,0.3625997611604405,3.7824734562410423,6.130268865809707,0.10486255880650223,0.07584225075544682,0.65059544470227,7.396547475324638,cpu,,0.16411782160041238,,0.4059342693893271,,,16.060665857000004,FDFL-Scal,2.0,high,0.5,0.75,FPLG
md_knapsack,fplg,11,1,0.5,,,,72.03605780981803,2.1370142596120765,5.311456947612753,15.881556224000178,2880,160.0,15718.848238000874,761.8333799998709,0,0,3.70922835410816,0.5682123736116851,4.045455233971465,8.037012817261372,0.07013039591321553,0.08024398511057731,0.6543893005989124,7.39820307839188,cpu,,0.16269816169496137,,0.4016760365000109,,,31.942222081000182,FDFL-Scal,2.0,high,0.5,0.75,FPLG
md_knapsack,fplg,11,2,1.0,,,,71.16526145961512,2.109552490149988,5.273168890676255,16.14533569199989,2880,160.0,15984.413072999814,1176.8007539999417,0,0,4.352626690255821,0.6990708156575447,5.010786420623964,8.561093278589667,0.08781513407474076,0.04589602896876716,0.6654411346505148,7.402332542119788,cpu,,0.1610169491054251,,0.3966666736386891,,,48.08755777300007,FDFL-Scal,2.0,high,0.5,0.75,FPLG
md_knapsack,fplg,11,3,5.0,,,,69.61486920308275,2.052659579940159,5.206863065896255,17.18243752300009,2880,160.0,17003.92796199958,1242.2496789999968,0,0,8.273149585352481,1.770738954498237,8.758380823937195,15.39046684159297,0.08560100388426817,0.08539545101756223,0.6435090963959327,7.414463147162909,cpu,,0.157894903875262,,0.3875150332448302,,,65.26999529600016,FDFL-Scal,2.0,high,0.5,0.75,FPLG
