task,method,seed,stage_idx,lambda,iter,alpha_t,beta_t,lr_t,loss_dec,loss_pred,loss_fair,grad_norm_dec,grad_norm_pred,grad_norm_fair,grad_norm_combined,delta_theta_l2,cos_dec_pred,cos_dec_fair,cos_pred_fair,solver_calls,decision_ms,nan_or_inf_flag,nan_or_inf_steps_so_far,exploding_steps_so_far,device,guided_norm_dec,guided_norm_pred,guided_scale,guided_ratio_pred_over_dec,guided_dir_norm,loss_dec_normalized,loss_dec_normalized_true,method_label,alpha_fair,unfairness_level,group_bias,group_ratio,config_name
md_knapsack,wdro,11,0,0.0,0,1.0,0.0,0.001,0.0,8.881383549197903,1.9395229390638506,1e-06,0.5621653149259446,1e-06,0.5621653149259446,0.0005621653149250613,0.0,0.0,0.0,0,0.0,0,0,0,cpu,,,,,,0.0,0.0,WDRO,2.0,high,0.5,0.75,WDRO
md_knapsack,wdro,11,0,0.0,5,1.0,0.0,0.0009975062344139652,0.0,8.877010118841735,1.9387759977346544,1e-06,0.562306186651396,1e-06,0.562306186651396,0.0005609039268334243,0.0,0.0,0.0,0,0.0,0,0,0,cpu,,,,,,0.0,0.0,WDRO,2.0,high,0.5,0.75,WDRO
md_knapsack,wdro,11,0,0.0,10,1.0,0.0,0.0009950248756218907,0.0,8.872653966938067,1.9380321781408338,1e-06,0.5622186546404704,1e-06,0.5622186546404704,0.0005594215469050615,0.0,0.0,0.0,0,0.0,0,0,0,cpu,,,,,,0.0,0.0,WDRO,2.0,high,0.5,0.75,WDRO
md_knapsack,wdro,11,0,0.0,15,1.0,0.0,0.0009925558312655087,0.0,8.868310237434077,1.9372896683669572,1e-06,0.5625252783668369,1e-06,0.5625252783668369,0.0005583377452763788,0.0,0.0,0.0,0,0.0,0,0,0,cpu,,,,,,0.0,0.0,WDRO,2.0,high,0.5,0.75,WDRO
md_knapsack,wdro,11,0,0.0,20,1.0,0.0,0.0009900990099009901,0.0,8.863979056127684,1.9365487992662065,1e-06,0.5625351560330835,1e-06,0.5625351560330835,0.0005569655010219705,0.0,0.0,0.0,0,0.0,0,0,0,cpu,,,,,,0.0,0.0,WDRO,2.0,high,0.5,0.75,WDRO
md_knapsack,wdro,11,0,0.0,25,1.0,0.0,0.0009876543209876543,0.0,8.859660284214312,1.9358099208453439,1e-06,0.5629110989676946,1e-06,0.5629110989676946,0.0005559615792264766,0.0,0.0,0.0,0,0.0,0,0,0,cpu,,,,,,0.0,0.0,WDRO,2.0,high,0.5,0.75,WDRO
md_knapsack,wdro,11,0,0.0,30,1.0,0.0,0.0009852216748768474,0.0,8.855353234360505,1.935072168393193,1e-06,0.5631179599987542,1e-06,0.5631179599987542,0.0005547960197023359,0.0,0.0,0.0,0,0.0,0,0,0,cpu,,,,,,0.0,0.0,WDRO,2.0,high,0.5,0.75,WDRO
md_knapsack,wdro,11,0,0.0,35,1.0,0.0,0.0009828009828009828,0.0,8.85105499306145,1.9343347462849145,1e-06,0.5652248251712564,1e-06,0.5652248251712564,0.000555503513680957,0.0,0.0,0.0,0,0.0,0,0,0,cpu,,,,,,0.0,0.0,WDRO,2.0,high,0.5,0.75,WDRO
