task,method,seed,stage_idx,lambda,iter,alpha_t,beta_t,lr_t,loss_dec,loss_pred,loss_fair,grad_norm_dec,grad_norm_pred,grad_norm_fair,grad_norm_combined,delta_theta_l2,cos_dec_pred,cos_dec_fair,cos_pred_fair,solver_calls,decision_ms,nan_or_inf_flag,nan_or_inf_steps_so_far,exploding_steps_so_far,device,guided_norm_dec,guided_norm_pred,guided_scale,guided_ratio_pred_over_dec,guided_dir_norm,loss_dec_normalized,loss_dec_normalized_true,method_label,alpha_fair,unfairness_level,group_bias,group_ratio,config_name
md_knapsack,wdro,55,0,0.0,0,1.0,0.0,0.001,0.0,8.154393069263469,0.029009266529189066,1e-06,0.504538418824427,1e-06,0.504538418824427,0.0005045384188234338,0.0,0.0,0.0,0,0.0,0,0,0,cpu,,,,,,0.0,0.0,WDRO,2.0,mild,0.1,0.5,WDRO
md_knapsack,wdro,55,0,0.0,5,1.0,0.0,0.0009975062344139652,0.0,8.150619486873032,0.029250063539337158,1e-06,0.504562159191663,1e-06,0.504562159191663,0.0005033038994420593,0.0,0.0,0.0,0,0.0,0,0,0,cpu,,,,,,0.0,0.0,WDRO,2.0,mild,0.1,0.5,WDRO
md_knapsack,wdro,55,0,0.0,10,1.0,0.0,0.0009950248756218907,0.0,8.146859265261826,0.02949067580201613,1e-06,0.504718427034417,1e-06,0.504718427034417,0.0005022073900830082,0.0,0.0,0.0,0,0.0,0,0,0,cpu,,,,,,0.0,0.0,WDRO,2.0,mild,0.1,0.5,WDRO
md_knapsack,wdro,55,0,0.0,15,1.0,0.0,0.0009925558312655087,0.0,8.143110714505628,0.029730766760795564,1e-06,0.5048953242239848,1e-06,0.5048953242239848,0.0005011367982362263,0.0,0.0,0.0,0,0.0,0,0,0,cpu,,,,,,0.0,0.0,WDRO,2.0,mild,0.1,0.5,WDRO
md_knapsack,wdro,55,0,0.0,20,1.0,0.0,0.0009900990099009901,0.0,8.139373281494327,0.029970664395757293,1e-06,0.5049499423858793,1e-06,0.5049499423858793,0.0004999504380048376,0.0,0.0,0.0,0,0.0,0,0,0,cpu,,,,,,0.0,0.0,WDRO,2.0,mild,0.1,0.5,WDRO
md_knapsack,wdro,55,0,0.0,25,1.0,0.0,0.0009876543209876543,0.0,8.13564823020175,0.030210165592184268,1e-06,0.5051391357375484,1e-06,0.5051391357375484,0.0004989028501101772,0.0,0.0,0.0,0,0.0,0,0,0,cpu,,,,,,0.0,0.0,WDRO,2.0,mild,0.1,0.5,WDRO
md_knapsack,wdro,55,0,0.0,30,1.0,0.0,0.0009852216748768474,0.0,8.131933298559646,0.030449495169922756,1e-06,0.5053839052206628,1e-06,0.5053839052206628,0.0004979151775563254,0.0,0.0,0.0,0,0.0,0,0,0,cpu,,,,,,0.0,0.0,WDRO,2.0,mild,0.1,0.5,WDRO
md_knapsack,wdro,55,0,0.0,35,1.0,0.0,0.0009828009828009828,0.0,8.128229205678718,0.030688578478173467,1e-06,0.505524210235447,1e-06,0.505524210235447,0.0004968296906481193,0.0,0.0,0.0,0,0.0,0,0,0,cpu,,,,,,0.0,0.0,WDRO,2.0,mild,0.1,0.5,WDRO
