task,method,seed,stage_idx,lambda,iter,alpha_t,beta_t,lr_t,loss_dec,loss_pred,loss_fair,grad_norm_dec,grad_norm_pred,grad_norm_fair,grad_norm_combined,delta_theta_l2,cos_dec_pred,cos_dec_fair,cos_pred_fair,solver_calls,decision_ms,nan_or_inf_flag,nan_or_inf_steps_so_far,exploding_steps_so_far,device,guided_norm_dec,guided_norm_pred,guided_scale,guided_ratio_pred_over_dec,guided_dir_norm,loss_dec_normalized,loss_dec_normalized_true,method_label,alpha_fair,unfairness_level,group_bias,group_ratio,config_name
md_knapsack,wdro,22,0,0.0,0,1.0,0.0,0.001,0.0,8.090348234158395,0.01770808198395539,1e-06,0.3805537451766238,1e-06,0.3805537451766238,0.0003805537451753103,0.0,0.0,0.0,0,0.0,0,0,0,cpu,,,,,,0.0,0.0,WDRO,2.0,mild,0.1,0.5,WDRO
md_knapsack,wdro,22,0,0.0,5,1.0,0.0,0.0009975062344139652,0.0,8.088200551786603,0.01758948231238894,1e-06,0.38060335005631407,1e-06,0.38060335005631407,0.00037965421451870054,0.0,0.0,0.0,0,0.0,0,0,0,cpu,,,,,,0.0,0.0,WDRO,2.0,mild,0.1,0.5,WDRO
md_knapsack,wdro,22,0,0.0,10,1.0,0.0,0.0009950248756218907,0.0,8.086059144078927,0.017471071400393327,1e-06,0.3806553741905726,1e-06,0.3806553741905726,0.00037876156635747717,0.0,0.0,0.0,0,0.0,0,0,0,cpu,,,,,,0.0,0.0,WDRO,2.0,mild,0.1,0.5,WDRO
md_knapsack,wdro,22,0,0.0,15,1.0,0.0,0.0009925558312655087,0.0,8.083923993951245,0.01735289649112745,1e-06,0.3807130872149325,1e-06,0.3807130872149325,0.0003778789947529747,0.0,0.0,0.0,0,0.0,0,0,0,cpu,,,,,,0.0,0.0,WDRO,2.0,mild,0.1,0.5,WDRO
md_knapsack,wdro,22,0,0.0,20,1.0,0.0,0.0009900990099009901,0.0,8.081795465721374,0.017234717394077382,1e-06,0.3806756808510519,1e-06,0.3806756808510519,0.00037690661470271715,0.0,0.0,0.0,0,0.0,0,0,0,cpu,,,,,,0.0,0.0,WDRO,2.0,mild,0.1,0.5,WDRO
md_knapsack,wdro,22,0,0.0,25,1.0,0.0,0.0009876543209876543,0.0,8.079673505417945,0.017116501069373513,1e-06,0.38075516042776053,1e-06,0.38075516042776053,0.0003760544794335238,0.0,0.0,0.0,0,0.0,0,0,0,cpu,,,,,,0.0,0.0,WDRO,2.0,mild,0.1,0.5,WDRO
md_knapsack,wdro,22,0,0.0,30,1.0,0.0,0.0009852216748768474,0.0,8.077554917271101,0.01699879899323462,1e-06,0.3812223817532449,1e-06,0.3812223817532449,0.0003755885534501781,0.0,0.0,0.0,0,0.0,0,0,0,cpu,,,,,,0.0,0.0,WDRO,2.0,mild,0.1,0.5,WDRO
md_knapsack,wdro,22,0,0.0,35,1.0,0.0,0.0009828009828009828,0.0,8.075441151143917,0.016881372767147733,1e-06,0.3812884655091734,1e-06,0.3812884655091734,0.000374730678631809,0.0,0.0,0.0,0,0.0,0,0,0,cpu,,,,,,0.0,0.0,WDRO,2.0,mild,0.1,0.5,WDRO
