task,method,seed,stage_idx,lambda,val_regret,val_fairness,val_pred_mse,test_regret,test_fairness,test_pred_mse,stage_wallclock_sec,solver_calls_train,solver_calls_eval,decision_ms_train,decision_ms_eval,nan_or_inf_steps,exploding_steps,avg_grad_norm_combined,grad_norm_min,grad_norm_median,grad_norm_max,avg_cos_dec_pred,avg_cos_dec_fair,avg_cos_pred_fair,weight_norm,device,val_regret_normalized,test_regret_normalized,val_regret_normalized_true,test_regret_normalized_true,val_regret_normalized_pred_obj,test_regret_normalized_pred_obj,cumulative_wallclock_sec,method_label,alpha_fair,unfairness_level,group_bias,group_ratio,config_name
md_knapsack,fpto,55,0,0.0,,,,71.81830728670255,2.164944287448666,5.42009424842435,0.18880079099994873,0,160.0,0.0,811.026148999872,0,0,0.5236626851202342,0.5231466537586904,0.5235894732259045,0.5243343054198887,0.0,0.0,0.6898848651063776,7.3316227659024396,cpu,,0.16161422344165052,,0.39822758456977425,,,0.18880079099994873,FPTO,2.0,high,0.5,0.75,FPTO
md_knapsack,fpto,55,1,0.5,,,,71.74982728890356,2.1619802850363903,5.417216132119729,0.21472019299994827,0,160.0,0.0,832.7829859999838,0,0,0.6808141825892012,0.6797396455291209,0.6807530989222408,0.682232507265728,0.0,0.0,0.690410480437031,7.331647430310744,cpu,,0.16147229362549692,,0.3978138628657162,,,0.403520983999897,FPTO,2.0,high,0.5,0.75,FPTO
md_knapsack,fpto,55,2,1.0,,,,71.68194176550091,2.159010369151006,5.414330957702349,0.21228048199986915,0,160.0,0.0,793.1577619999644,0,0,0.8581688185165139,0.8563261153798957,0.857968687446217,0.8607228829118563,0.0,0.0,0.6908608062742277,7.331694371265807,cpu,,0.1613313630234915,,0.3974033694123995,,,0.6158014659997662,FPTO,2.0,high,0.5,0.75,FPTO
md_knapsack,fpto,55,3,5.0,,,,71.15382126780347,2.134951606737252,5.390869342351343,0.18201287500005492,0,160.0,0.0,765.940283999953,0,0,2.44792080544441,2.426599645555255,2.448025440472782,2.475241233975172,0.0,0.0,0.6951458770933006,7.332887156341456,cpu,,0.16022667733319243,,0.39419827815475295,,,0.7978143409998211,FPTO,2.0,high,0.5,0.75,FPTO
