task,method,seed,stage_idx,lambda,val_regret,val_fairness,val_pred_mse,test_regret,test_fairness,test_pred_mse,stage_wallclock_sec,solver_calls_train,solver_calls_eval,decision_ms_train,decision_ms_eval,nan_or_inf_steps,exploding_steps,avg_grad_norm_combined,grad_norm_min,grad_norm_median,grad_norm_max,avg_cos_dec_pred,avg_cos_dec_fair,avg_cos_pred_fair,weight_norm,device,val_regret_normalized,test_regret_normalized,val_regret_normalized_true,test_regret_normalized_true,val_regret_normalized_pred_obj,test_regret_normalized_pred_obj,cumulative_wallclock_sec,method_label,alpha_fair,unfairness_level,group_bias,group_ratio,config_name
md_knapsack,fplg,11,0,0.0,,,,3.571798120045115,0.47833469329322015,4.7141859167156674,15.520159442000022,2880,160.0,15176.221822999878,882.9382799999621,0,0,0.3357436852209578,0.17358639066493411,0.3178985338242526,0.529987180519486,0.1237289131133694,0.09409594535872737,0.24756756340333155,10.928542300220503,cpu,,0.0726686805304618,,0.13362076841117201,,,15.520159442000022,FDFL-Scal,0.5,mild,0.1,0.5,FPLG
md_knapsack,fplg,11,1,0.5,,,,3.5701109639180073,0.4773567628298113,4.712565187723072,15.80468317000009,2880,160.0,15384.42778999979,1125.994670000182,0,0,0.3784942140083782,0.2334965826652957,0.3839300809477803,0.5794762874564617,0.14676301484008702,0.002107300948463296,0.17390136869146802,10.92851596689659,cpu,,0.07262892824751664,,0.1335537613506341,,,31.32484261200011,FDFL-Scal,0.5,mild,0.1,0.5,FPLG
md_knapsack,fplg,11,2,1.0,,,,3.5683244549543196,0.4764080243790969,4.710913412555513,15.643652384000006,2880,160.0,15246.9275630001,1458.786526999802,0,0,0.4380582670221539,0.25154144602564965,0.4342119042761798,0.7542588279564799,0.16478360992921143,0.06399993728588933,0.22734684044750333,10.928501060304228,cpu,,0.0725874344549211,,0.1334836153528906,,,46.96849499600012,FDFL-Scal,0.5,mild,0.1,0.5,FPLG
md_knapsack,fplg,11,3,5.0,,,,3.5668004458118956,0.4758767478272517,4.709296884703842,16.128159445999927,2880,160.0,15651.20897800034,697.545841000192,0,0,0.9505661769994154,0.5850924526081579,0.9366644129218331,1.37245897447453,0.15298335605942906,0.023545606601914414,0.12796155434840611,10.928406981243176,cpu,,0.07255199767436094,,0.13342420297822338,,,63.096654442000045,FDFL-Scal,0.5,mild,0.1,0.5,FPLG
