method,best_lambda,test_reg_n,test_reg_n_std,test_fair,test_fair_std,train_reg_n,train_fair,train_test_gap,early_stop_step
fplg,1.0,0.12654,0.00194,0.00752,0.00031,0.12267,0.00633,0.00387,70.0
pcgrad,0.0,0.12756,0.00188,0.00924,0.00238,0.12445,0.00438,0.00311,70.0
fdfl-scal,0.0,0.12993,0.00199,0.00657,0.00035,0.1287,0.00544,0.00124,70.0
wdro,0.0,0.15011,0.00211,0.00481,8e-05,0.15035,0.00417,-0.00023,70.0
mgda,0.0,0.15295,0.00567,0.01239,0.00108,0.15372,0.01202,-0.00077,70.0
fpto,0.0,0.15412,0.00244,0.00547,0.00051,0.15462,0.00469,-0.0005,70.0
saa,0.0,0.28073,0.00205,0.00941,0.00118,0.27845,0.00962,0.00228,0.0
