task,method,seed,stage_idx,lambda,iter,alpha_t,beta_t,lr_t,loss_dec,loss_pred,loss_fair,grad_norm_dec,grad_norm_pred,grad_norm_fair,grad_norm_combined,delta_theta_l2,cos_dec_pred,cos_dec_fair,cos_pred_fair,solver_calls,decision_ms,nan_or_inf_flag,nan_or_inf_steps_so_far,exploding_steps_so_far,device,guided_norm_dec,guided_norm_pred,guided_scale,guided_ratio_pred_over_dec,guided_dir_norm,loss_dec_normalized,loss_dec_normalized_true,method_label,alpha_fair,unfairness_level,group_bias,group_ratio,config_name
md_knapsack,wdro,44,0,0.0,0,1.0,0.0,0.001,0.0,9.099114412509088,1.9389355287224095,1e-06,0.460608865463006,1e-06,0.460608865463006,0.00046060886546192055,0.0,0.0,0.0,0,0.0,0,0,0,cpu,,,,,,0.0,0.0,WDRO,2.0,high,0.5,0.75,WDRO
md_knapsack,wdro,44,0,0.0,5,1.0,0.0,0.0009975062344139652,0.0,9.09602090007753,1.9384786012221067,1e-06,0.46056394695667063,1e-06,0.46056394695667063,0.00045941540843450455,0.0,0.0,0.0,0,0.0,0,0,0,cpu,,,,,,0.0,0.0,WDRO,2.0,high,0.5,0.75,WDRO
md_knapsack,wdro,44,0,0.0,10,1.0,0.0,0.0009950248756218907,0.0,9.092938616321424,1.938022493114968,1e-06,0.46050415666218536,1e-06,0.46050415666218536,0.00045821309120507394,0.0,0.0,0.0,0,0.0,0,0,0,cpu,,,,,,0.0,0.0,WDRO,2.0,high,0.5,0.75,WDRO
md_knapsack,wdro,44,0,0.0,15,1.0,0.0,0.0009925558312655087,0.0,9.089867359671143,1.9375674807177514,1e-06,0.46050934191422566,1e-06,0.46050934191422566,0.0004570812326681281,0.0,0.0,0.0,0,0.0,0,0,0,cpu,,,,,,0.0,0.0,WDRO,2.0,high,0.5,0.75,WDRO
md_knapsack,wdro,44,0,0.0,20,1.0,0.0,0.0009900990099009901,0.0,9.08680668852156,1.937113639782106,1e-06,0.4604305657592159,1e-06,0.4604305657592159,0.00045587184728527953,0.0,0.0,0.0,0,0.0,0,0,0,cpu,,,,,,0.0,0.0,WDRO,2.0,high,0.5,0.75,WDRO
md_knapsack,wdro,44,0,0.0,25,1.0,0.0,0.0009876543209876543,0.0,9.083755127534495,1.9366608925312585,1e-06,0.4609108592201595,1e-06,0.4609108592201595,0.0004552206016978509,0.0,0.0,0.0,0,0.0,0,0,0,cpu,,,,,,0.0,0.0,WDRO,2.0,high,0.5,0.75,WDRO
md_knapsack,wdro,44,0,0.0,30,1.0,0.0,0.0009852216748768474,0.0,9.080709685764157,1.9362090358273631,1e-06,0.46090522099192177,1e-06,0.46090522099192177,0.00045409381378407586,0.0,0.0,0.0,0,0.0,0,0,0,cpu,,,,,,0.0,0.0,WDRO,2.0,high,0.5,0.75,WDRO
md_knapsack,wdro,44,0,0.0,35,1.0,0.0,0.0009828009828009828,0.0,9.077677053889808,1.9357584799229686,1e-06,0.46067902260698007,1e-06,0.46067902260698007,0.000452755796172869,0.0,0.0,0.0,0,0.0,0,0,0,cpu,,,,,,0.0,0.0,WDRO,2.0,high,0.5,0.75,WDRO
