task,method,seed,stage_idx,lambda,val_regret,val_fairness,val_pred_mse,test_regret,test_fairness,test_pred_mse,stage_wallclock_sec,solver_calls_train,solver_calls_eval,decision_ms_train,decision_ms_eval,nan_or_inf_steps,exploding_steps,avg_grad_norm_combined,grad_norm_min,grad_norm_median,grad_norm_max,avg_cos_dec_pred,avg_cos_dec_fair,avg_cos_pred_fair,weight_norm,device,val_regret_normalized,test_regret_normalized,val_regret_normalized_true,test_regret_normalized_true,val_regret_normalized_pred_obj,test_regret_normalized_pred_obj,cumulative_wallclock_sec,method_label,alpha_fair,unfairness_level,group_bias,group_ratio,config_name
md_knapsack,fplg,44,0,0.0,,,,3.587385267604101,0.4903984888935148,4.747345468033732,15.767592349000097,2880,160.0,15250.478344000385,1087.534038000058,0,0,0.3469604000497605,0.20063005053256763,0.34389444420275467,0.508915724040752,0.15894261559956427,-0.02287115451731602,0.12677146720271945,10.848282518926812,cpu,,0.07308917266229109,,0.1343360576148906,,,15.767592349000097,FDFL-Scal,0.5,mild,0.1,0.5,FPLG
md_knapsack,fplg,44,1,0.5,,,,3.5860370480561463,0.48968024365791163,4.745825690941504,15.719841839999845,2880,160.0,15281.085046000499,1103.7502619999486,0,0,0.37437248744749346,0.20558394080658843,0.39611171278038765,0.5469520526908845,0.13673951924456668,0.008685853031963526,0.1587337209697712,10.84814434166143,cpu,,0.0730576884273598,,0.13428277948696404,,,31.48743418899994,FDFL-Scal,0.5,mild,0.1,0.5,FPLG
md_knapsack,fplg,44,2,1.0,,,,3.5849100853072486,0.4892929953551476,4.744535562261429,15.142040189999989,2880,160.0,14721.4768799995,1053.9263870000468,0,0,0.4106202154551192,0.24389902702413904,0.3840654900123055,0.7409552211254614,0.11459495543252565,0.01567287928816753,0.16516393099629806,10.848022213371307,cpu,,0.07303119001720945,,0.13423840352376065,,,46.62947437899993,FDFL-Scal,0.5,mild,0.1,0.5,FPLG
md_knapsack,fplg,44,3,5.0,,,,3.582230361947874,0.4877967121946455,4.7426375789501165,15.02675269999986,2880,160.0,14692.984832000548,685.8860929999082,0,0,0.8861711737441788,0.4476777829647054,0.9082563778770016,1.4504675456508425,0.15794840668228632,0.04596505351493465,0.2102247802499037,10.847850116782022,cpu,,0.07296886947285693,,0.13413257114138227,,,61.65622707899979,FDFL-Scal,0.5,mild,0.1,0.5,FPLG
