task,method,seed,stage_idx,lambda,val_regret,val_fairness,val_pred_mse,test_regret,test_fairness,test_pred_mse,stage_wallclock_sec,solver_calls_train,solver_calls_eval,decision_ms_train,decision_ms_eval,nan_or_inf_steps,exploding_steps,avg_grad_norm_combined,grad_norm_min,grad_norm_median,grad_norm_max,avg_cos_dec_pred,avg_cos_dec_fair,avg_cos_pred_fair,weight_norm,device,val_regret_normalized,test_regret_normalized,val_regret_normalized_true,test_regret_normalized_true,val_regret_normalized_pred_obj,test_regret_normalized_pred_obj,cumulative_wallclock_sec,method_label,alpha_fair,unfairness_level,group_bias,group_ratio,config_name
md_knapsack,fpto,11,0,0.0,,,,73.34771976357638,2.172834855733508,5.361224176947262,0.20033350100015923,0,160.0,0.0,768.493658999887,0,0,0.508476599882845,0.5079326998303695,0.5083469100981841,0.5093917153913832,0.0,0.0,0.7188267134057483,7.39679388603305,cpu,,0.16521242138512376,,0.409252773613595,,,0.20033350100015923,FPTO,2.0,high,0.5,0.75,FPTO
md_knapsack,fpto,11,1,0.5,,,,73.2929697058708,2.1701571232789045,5.358313830239791,0.17714475100001437,0,160.0,0.0,724.9388029999864,0,0,0.6589382248930649,0.6579715070471935,0.6585083292212519,0.6609573239372517,0.0,0.0,0.7193962690487447,7.39675857028633,cpu,,0.1650999505008191,,0.4089219759732927,,,0.3774782520001736,FPTO,2.0,high,0.5,0.75,FPTO
md_knapsack,fpto,11,2,1.0,,,,73.23864351623202,2.1674757538270093,5.355395252916426,0.16850332500007426,0,160.0,0.0,733.3583339998313,0,0,0.8263572607706177,0.8246946332076097,0.8254959789855852,0.829262494178128,0.0,0.0,0.7197998654637277,7.396742556842545,cpu,,0.1649881883566629,,0.4085935595981806,,,0.5459815770002479,FPTO,2.0,high,0.5,0.75,FPTO
md_knapsack,fpto,11,3,5.0,,,,72.8192354662049,2.1459310667145925,5.331863622273124,0.17222211300008894,0,160.0,0.0,741.6500430001634,0,0,2.3028331260613095,2.291278553272842,2.3041097685420375,2.313927511626481,0.0,0.0,0.7232924229309552,7.397306574577003,cpu,,0.16412073408232322,,0.40605304926593544,,,0.7182036900003368,FPTO,2.0,high,0.5,0.75,FPTO
