task,method,seed,stage_idx,lambda,val_regret,val_fairness,val_pred_mse,test_regret,test_fairness,test_pred_mse,stage_wallclock_sec,solver_calls_train,solver_calls_eval,decision_ms_train,decision_ms_eval,nan_or_inf_steps,exploding_steps,avg_grad_norm_combined,grad_norm_min,grad_norm_median,grad_norm_max,avg_cos_dec_pred,avg_cos_dec_fair,avg_cos_pred_fair,weight_norm,device,val_regret_normalized,test_regret_normalized,val_regret_normalized_true,test_regret_normalized_true,val_regret_normalized_pred_obj,test_regret_normalized_pred_obj,cumulative_wallclock_sec,method_label,alpha_fair,unfairness_level,group_bias,group_ratio,config_name
md_knapsack,fpto,44,0,0.0,,,,73.01391843942234,2.1754949294458683,5.43089930614279,0.22351504199991723,0,160.0,0.0,766.1202700001013,0,0,0.4175371359944656,0.41735226991363455,0.4175057616561382,0.4177594614466662,0.0,0.0,0.6422119362432308,7.273924492837611,cpu,,0.164733280843335,,0.40741584149931,,,0.22351504199991723,FPTO,2.0,high,0.5,0.75,FPTO
md_knapsack,fpto,44,1,0.5,,,,72.97781728654996,2.1736885485370934,5.429112871576583,0.2149094190001506,0,160.0,0.0,770.4227670001274,0,0,0.5341183732863497,0.5338411891528017,0.5339709968571469,0.5347567831349352,0.0,0.0,0.6425635718082537,7.273958511223186,cpu,,0.1646527734235473,,0.4071823630873861,,,0.4384244610000678,FPTO,2.0,high,0.5,0.75,FPTO
md_knapsack,fpto,44,2,1.0,,,,72.94197109068472,2.171882449587525,5.427326528270891,0.20106257400016148,0,160.0,0.0,766.7201679998925,0,0,0.668756737249405,0.6680964834516961,0.6684821997643826,0.6696094292702663,0.0,0.0,0.6428854731796751,7.2740053676363265,cpu,,0.16457272176093324,,0.4069503186761073,,,0.6394870350002293,FPTO,2.0,high,0.5,0.75,FPTO
md_knapsack,fpto,44,3,5.0,,,,72.66173567790206,2.15737756487381,5.412983952447283,0.19793626399996356,0,160.0,0.0,812.6186749998396,0,0,1.8941295742190398,1.8867299210147535,1.892815945867043,1.9045832995060368,0.0,0.0,0.6449980631288336,7.2748397628572885,cpu,,0.16394378544902158,,0.40513177701703357,,,0.8374232990001929,FPTO,2.0,high,0.5,0.75,FPTO
