method,best_lambda,test_reg_n,test_reg_n_std,test_fair,test_fair_std,train_reg_n,train_fair,train_test_gap,early_stop_step
fplg,1.0,0.12651,0.00195,0.55425,0.1202,0.12265,0.35715,0.00386,70.0
pcgrad,0.0,0.12855,0.0026,0.46383,0.20603,0.12492,0.25613,0.00363,70.0
fdfl-scal,2.0,0.12979,0.00197,0.72433,0.12273,0.12856,0.52904,0.00123,70.0
wdro,0.0,0.15011,0.00211,0.93103,0.07148,0.15035,0.74394,-0.00023,70.0
mgda,0.0,0.15084,0.00411,2.16996,0.07813,0.15162,2.05545,-0.00078,70.0
fpto,2.0,0.153,0.00228,0.64783,0.05619,0.15351,0.44496,-0.00051,70.0
saa,0.0,0.28073,0.00205,2.49282,0.06708,0.27845,2.39095,0.00228,0.0
