task,method,seed,stage_idx,lambda,iter,alpha_t,beta_t,lr_t,loss_dec,loss_pred,loss_fair,grad_norm_dec,grad_norm_pred,grad_norm_fair,grad_norm_combined,delta_theta_l2,cos_dec_pred,cos_dec_fair,cos_pred_fair,solver_calls,decision_ms,nan_or_inf_flag,nan_or_inf_steps_so_far,exploding_steps_so_far,device,guided_norm_dec,guided_norm_pred,guided_scale,guided_ratio_pred_over_dec,guided_dir_norm,loss_dec_normalized,loss_dec_normalized_true,method_label,alpha_fair,unfairness_level,group_bias,group_ratio,config_name
md_knapsack,wdro,22,0,0.0,0,1.0,0.0,0.001,0.0,9.054367249599384,1.9448686815645004,1e-06,0.4371818217418235,1e-06,0.4371818217418235,0.00043718182174068394,0.0,0.0,0.0,0,0.0,0,0,0,cpu,,,,,,0.0,0.0,WDRO,2.0,high,0.5,0.75,WDRO
md_knapsack,wdro,22,0,0.0,5,1.0,0.0,0.0009975062344139652,0.0,9.051633867320863,1.9444280494361215,1e-06,0.43727071760914893,1e-06,0.43727071760914893,0.0004361802669406505,0.0,0.0,0.0,0,0.0,0,0,0,cpu,,,,,,0.0,0.0,WDRO,2.0,high,0.5,0.75,WDRO
md_knapsack,wdro,22,0,0.0,10,1.0,0.0,0.0009950248756218907,0.0,9.0489085090926,1.943988356081283,1e-06,0.4373378267702614,1e-06,0.4373378267702614,0.000435162016685691,0.0,0.0,0.0,0,0.0,0,0,0,cpu,,,,,,0.0,0.0,WDRO,2.0,high,0.5,0.75,WDRO
md_knapsack,wdro,22,0,0.0,15,1.0,0.0,0.0009925558312655087,0.0,9.046191065933346,1.9435496063188882,1e-06,0.4374260781149929,1e-06,0.4374260781149929,0.00043416980457949915,0.0,0.0,0.0,0,0.0,0,0,0,cpu,,,,,,0.0,0.0,WDRO,2.0,high,0.5,0.75,WDRO
md_knapsack,wdro,22,0,0.0,20,1.0,0.0,0.0009900990099009901,0.0,9.043481810771114,1.9431116039037222,1e-06,0.43743562120690854,1e-06,0.43743562120690854,0.0004331045754512496,0.0,0.0,0.0,0,0.0,0,0,0,cpu,,,,,,0.0,0.0,WDRO,2.0,high,0.5,0.75,WDRO
md_knapsack,wdro,22,0,0.0,25,1.0,0.0,0.0009876543209876543,0.0,9.040780781543301,1.9426742598133826,1e-06,0.4375307480161273,1e-06,0.4375307480161273,0.0004321291338419617,0.0,0.0,0.0,0,0.0,0,0,0,cpu,,,,,,0.0,0.0,WDRO,2.0,high,0.5,0.75,WDRO
md_knapsack,wdro,22,0,0.0,30,1.0,0.0,0.0009852216748768474,0.0,9.038082663703412,1.9422373229854173,1e-06,0.4381735713645813,1e-06,0.4381735713645813,0.00043169809986545754,0.0,0.0,0.0,0,0.0,0,0,0,cpu,,,,,,0.0,0.0,WDRO,2.0,high,0.5,0.75,WDRO
md_knapsack,wdro,22,0,0.0,35,1.0,0.0,0.0009828009828009828,0.0,9.035391039861132,1.9418013200881825,1e-06,0.4382805802513946,1e-06,0.4382805802513946,0.00043074258501253035,0.0,0.0,0.0,0,0.0,0,0,0,cpu,,,,,,0.0,0.0,WDRO,2.0,high,0.5,0.75,WDRO
