task,method,seed,stage_idx,lambda,val_regret,val_fairness,val_pred_mse,test_regret,test_fairness,test_pred_mse,stage_wallclock_sec,solver_calls_train,solver_calls_eval,decision_ms_train,decision_ms_eval,nan_or_inf_steps,exploding_steps,avg_grad_norm_combined,grad_norm_min,grad_norm_median,grad_norm_max,avg_cos_dec_pred,avg_cos_dec_fair,avg_cos_pred_fair,weight_norm,device,val_regret_normalized,test_regret_normalized,val_regret_normalized_true,test_regret_normalized_true,val_regret_normalized_pred_obj,test_regret_normalized_pred_obj,cumulative_wallclock_sec,method_label,alpha_fair,unfairness_level,group_bias,group_ratio,config_name
md_knapsack,fplg,22,0,0.0,,,,3.73053189906216,0.7493578158774588,4.99525797654992,14.113178969999808,2880,160.0,13952.579843997228,1143.7921930000812,0,0,0.6843915171205026,0.2775207920573729,0.700031412373315,1.1222017802725708,0.16751666205887794,0.02850172622744949,0.24530355168760204,7.487131965307798,cpu,,0.07526007564650432,,0.1381639378266801,,,14.113178969999808,FDFL-Scal,0.5,medium,0.3,0.6,FPLG
md_knapsack,fplg,22,1,0.5,,,,3.7270618237295734,0.7484349336977109,4.993027830531044,14.379976141000043,2880,160.0,14210.072337000383,1012.0060969998121,0,0,0.7594460472966005,0.3925766683740093,0.7122191792130546,1.3068487172012362,0.15904174727221954,0.037090711255186266,0.23297982811216977,7.486985112457175,cpu,,0.07518304298119985,,0.1380348131107576,,,28.49315511099985,FDFL-Scal,0.5,medium,0.3,0.6,FPLG
md_knapsack,fplg,22,2,1.0,,,,3.722765203445519,0.7467466180396867,4.990459480767575,13.91844032300014,2880,160.0,13755.429194000044,1038.8986240000122,0,0,0.9393920705539749,0.5012659646735262,0.974897975877461,1.4253862577268743,0.16379718166366958,0.038252236841200694,0.2409991988020818,7.4868771677749475,cpu,,0.07508742206721489,,0.1378734152656217,,,42.41159543399999,FDFL-Scal,0.5,medium,0.3,0.6,FPLG
md_knapsack,fplg,22,3,5.0,,,,3.7154407173188604,0.7430446773908576,4.986929542299846,13.804232829000284,2880,160.0,13639.392980000594,1028.2907139999224,0,0,1.871853744977662,1.0713758795689212,1.8443523833435718,2.9258708543100282,0.1434005278462426,0.017325610276027244,0.25720128630989053,7.486891649592632,cpu,,0.07492231967630729,,0.1375935578162733,,,56.215828263000276,FDFL-Scal,0.5,medium,0.3,0.6,FPLG
