task,method,seed,stage_idx,lambda,val_regret,val_fairness,val_pred_mse,test_regret,test_fairness,test_pred_mse,stage_wallclock_sec,solver_calls_train,solver_calls_eval,decision_ms_train,decision_ms_eval,nan_or_inf_steps,exploding_steps,avg_grad_norm_combined,grad_norm_min,grad_norm_median,grad_norm_max,avg_cos_dec_pred,avg_cos_dec_fair,avg_cos_pred_fair,weight_norm,device,val_regret_normalized,test_regret_normalized,val_regret_normalized_true,test_regret_normalized_true,val_regret_normalized_pred_obj,test_regret_normalized_pred_obj,cumulative_wallclock_sec,method_label,alpha_fair,unfairness_level,group_bias,group_ratio,config_name
md_knapsack,fpto,33,0,0.0,,,,3.6020876295079205,0.6881259776379456,4.929140395320468,0.18160994600020786,0,160.0,0.0,711.7512290001287,0,0,0.44344124910687804,0.4429412664218508,0.4434829569142799,0.4438230658076748,0.0,0.0,0.29536002092277586,7.24137458889539,cpu,,0.0722259250944738,,0.13296923378963982,,,0.18160994600020786,FPTO,0.5,medium,0.3,0.6,FPTO
md_knapsack,fpto,33,1,0.5,,,,3.601235263711055,0.6867387334644721,4.928537325021218,0.17829860799974995,0,160.0,0.0,686.3401860000522,0,0,0.5391038466049319,0.5384032204113074,0.5391853193667471,0.5397003555120918,0.0,0.0,0.29616860140837903,7.241459499084787,cpu,,0.07220566260320851,,0.13293417306677668,,,0.3599085539999578,FPTO,0.5,medium,0.3,0.6,FPTO
md_knapsack,fpto,33,2,1.0,,,,3.6003855295777,0.6853505766421208,4.927931580262444,0.19223140099984448,0,160.0,0.0,674.039697000353,0,0,0.6831064275592758,0.6819817551315618,0.6832811113189491,0.6840213856020565,0.0,0.0,0.29674060638404054,7.241549990701861,cpu,,0.07218545707804654,,0.13289920653680398,,,0.5521399549998023,FPTO,0.5,medium,0.3,0.6,FPTO
md_knapsack,fpto,33,3,5.0,,,,3.5937049065640907,0.6741863069729161,4.922995345449137,0.1722328750001907,0,160.0,0.0,681.4986909998879,0,0,2.1996541829345695,2.191417049078392,2.196096121369715,2.21396030869316,0.0,0.0,0.3033445069079152,7.2424747835063705,cpu,,0.07202638509180122,,0.13262366089122,,,0.724372829999993,FPTO,0.5,medium,0.3,0.6,FPTO
