task,method,seed,stage_idx,lambda,val_regret,val_fairness,val_pred_mse,test_regret,test_fairness,test_pred_mse,stage_wallclock_sec,solver_calls_train,solver_calls_eval,decision_ms_train,decision_ms_eval,nan_or_inf_steps,exploding_steps,avg_grad_norm_combined,grad_norm_min,grad_norm_median,grad_norm_max,avg_cos_dec_pred,avg_cos_dec_fair,avg_cos_pred_fair,weight_norm,device,val_regret_normalized,test_regret_normalized,val_regret_normalized_true,test_regret_normalized_true,val_regret_normalized_pred_obj,test_regret_normalized_pred_obj,cumulative_wallclock_sec,method_label,alpha_fair,unfairness_level,group_bias,group_ratio,config_name
md_knapsack,fplg,11,0,0.0,,,,72.27115288991313,0.47989827498432397,4.669207162306564,18.782499985000015,2880,160.0,18583.026506999715,727.3411550000333,0,0,3.080732138635342,0.3020612291672187,3.5113991110813303,5.982246987516304,0.09478260774582793,0.05896211987246862,0.25981275868848275,7.396359443355853,cpu,,0.15127656268579695,,0.3695160619579775,,,18.782499985000015,FDFL-Scal,2.0,mild,0.1,0.5,FPLG
md_knapsack,fplg,11,1,0.5,,,,71.75979667479056,0.47279977907781245,4.651196714284119,15.432340970999974,2880,160.0,15268.647666999987,746.156740999993,0,0,3.415958817701044,0.4354861154888745,3.856591795699057,6.1030051965478025,0.0467580440683083,0.009579902881622259,0.20132449288616278,7.397477520123301,cpu,,0.15040103256716053,,0.36690236970128015,,,34.21484095599999,FDFL-Scal,2.0,mild,0.1,0.5,FPLG
md_knapsack,fplg,11,2,1.0,,,,71.17512948116435,0.4623395347238388,4.629011862138952,15.847172253999986,2880,160.0,15684.554665000232,750.6160660000205,0,0,3.877490930640812,0.5687028487268406,4.408989478880504,7.598301226964273,0.07698756948638233,0.01850749570404934,0.25527896336475975,7.399964943546097,cpu,,0.14940735469914096,,0.3639532601815281,,,50.062013209999975,FDFL-Scal,2.0,mild,0.1,0.5,FPLG
md_knapsack,fplg,11,3,5.0,,,,70.43347891194617,0.4620715306939741,4.610310308482721,16.37682376800001,2880,160.0,16203.100729000143,739.679265999996,0,0,7.570677779477236,1.6868025936104456,8.583412449936223,14.135210744940427,0.07392026293692529,0.01193733548177777,0.16771789167653173,7.403739972598678,cpu,,0.14814958079088097,,0.36017039482715835,,,66.43883697799998,FDFL-Scal,2.0,mild,0.1,0.5,FPLG
