task,method,seed,stage_idx,lambda,iter,alpha_t,beta_t,lr_t,loss_dec,loss_pred,loss_fair,grad_norm_dec,grad_norm_pred,grad_norm_fair,grad_norm_combined,delta_theta_l2,cos_dec_pred,cos_dec_fair,cos_pred_fair,solver_calls,decision_ms,nan_or_inf_flag,nan_or_inf_steps_so_far,exploding_steps_so_far,device,guided_norm_dec,guided_norm_pred,guided_scale,guided_ratio_pred_over_dec,guided_dir_norm,loss_dec_normalized,loss_dec_normalized_true,method_label,alpha_fair,unfairness_level,group_bias,group_ratio,config_name
md_knapsack,wdro,11,0,0.0,0,1.0,0.0,0.001,0.0,8.218294201267142,0.3604814547503497,1e-06,0.5074157390415165,1e-06,0.5074157390415165,0.0005074157390405283,0.0,0.0,0.0,0,0.0,0,0,0,cpu,,,,,,0.0,0.0,WDRO,2.0,medium,0.3,0.6,WDRO
md_knapsack,wdro,11,0,0.0,5,1.0,0.0,0.0009975062344139652,0.0,8.214621997056241,0.3601840428297933,1e-06,0.5075076865209761,1e-06,0.5075076865209761,0.0005062420813167026,0.0,0.0,0.0,0,0.0,0,0,0,cpu,,,,,,0.0,0.0,WDRO,2.0,medium,0.3,0.6,WDRO
md_knapsack,wdro,11,0,0.0,10,1.0,0.0,0.0009950248756218907,0.0,8.210964272800338,0.3598886851495012,1e-06,0.5073851112493708,1e-06,0.5073851112493708,0.0005048608072123237,0.0,0.0,0.0,0,0.0,0,0,0,cpu,,,,,,0.0,0.0,WDRO,2.0,medium,0.3,0.6,WDRO
md_knapsack,wdro,11,0,0.0,15,1.0,0.0,0.0009925558312655087,0.0,8.207317709187436,0.3595943693486111,1e-06,0.5076009199432537,1e-06,0.5076009199432537,0.0005038222530444346,0.0,0.0,0.0,0,0.0,0,0,0,cpu,,,,,,0.0,0.0,WDRO,2.0,medium,0.3,0.6,WDRO
md_knapsack,wdro,11,0,0.0,20,1.0,0.0,0.0009900990099009901,0.0,8.20368043737497,0.359300801331635,1e-06,0.5078467245815564,1e-06,0.5078467245815564,0.0005028185391886797,0.0,0.0,0.0,0,0.0,0,0,0,cpu,,,,,,0.0,0.0,WDRO,2.0,medium,0.3,0.6,WDRO
md_knapsack,wdro,11,0,0.0,25,1.0,0.0,0.0009876543209876543,0.0,8.200055486272609,0.35900905345145345,1e-06,0.5078262825865271,1e-06,0.5078262825865271,0.0005015568223067094,0.0,0.0,0.0,0,0.0,0,0,0,cpu,,,,,,0.0,0.0,WDRO,2.0,medium,0.3,0.6,WDRO
md_knapsack,wdro,11,0,0.0,30,1.0,0.0,0.0009852216748768474,0.0,8.196440164197739,0.35871798139967265,1e-06,0.5080235979933103,1e-06,0.5080235979933103,0.0005005158600909626,0.0,0.0,0.0,0,0.0,0,0,0,cpu,,,,,,0.0,0.0,WDRO,2.0,medium,0.3,0.6,WDRO
md_knapsack,wdro,11,0,0.0,35,1.0,0.0,0.0009828009828009828,0.0,8.192835597082846,0.3584277869615233,1e-06,0.5081079810703463,1e-06,0.5081079810703463,0.0004993690231639939,0.0,0.0,0.0,0,0.0,0,0,0,cpu,,,,,,0.0,0.0,WDRO,2.0,medium,0.3,0.6,WDRO
