task,method,seed,stage_idx,lambda,val_regret,val_fairness,val_pred_mse,test_regret,test_fairness,test_pred_mse,stage_wallclock_sec,solver_calls_train,solver_calls_eval,decision_ms_train,decision_ms_eval,nan_or_inf_steps,exploding_steps,avg_grad_norm_combined,grad_norm_min,grad_norm_median,grad_norm_max,avg_cos_dec_pred,avg_cos_dec_fair,avg_cos_pred_fair,weight_norm,device,val_regret_normalized,test_regret_normalized,val_regret_normalized_true,test_regret_normalized_true,val_regret_normalized_pred_obj,test_regret_normalized_pred_obj,cumulative_wallclock_sec,method_label,alpha_fair,unfairness_level,group_bias,group_ratio,config_name
md_knapsack,fplg,55,0,0.0,,,,71.22067336477899,2.1512288220705225,5.399572626160206,16.5751001550002,2880,160.0,16407.046145001004,786.2238709999474,0,0,3.3444114947798838,0.44678805150575573,3.849082188836871,6.625654351929296,0.11305235196663428,0.0838773002112739,0.6618083944649301,7.331592875443263,cpu,,0.1605092431365128,,0.39488612305141546,,,16.5751001550002,FDFL-Scal,2.0,high,0.5,0.75,FPLG
md_knapsack,fplg,55,1,0.5,,,,70.34858622046812,2.1222866082036753,5.361596250608832,16.453257299000143,2880,160.0,16280.707583001913,1141.5206179999586,0,0,3.959014393799528,0.6813754856075059,4.710385743022712,7.439767607929431,0.11766177027613652,0.11532957185653454,0.636889190691651,7.333479374523358,cpu,,0.1588403317083738,,0.3899536216923184,,,33.02835745400034,FDFL-Scal,2.0,high,0.5,0.75,FPLG
md_knapsack,fplg,55,2,1.0,,,,69.31642453206499,2.0898146023614386,5.32199199447458,16.480857658999867,2880,160.0,16286.816671999532,1194.6557280002708,0,0,4.608200741704243,0.7992253858187591,5.253611406171977,8.014393740083502,0.11880866285500229,0.10491162249770454,0.6456304092812182,7.33949412173833,cpu,,0.15683913947937608,,0.38407292243049224,,,49.50921511300021,FDFL-Scal,2.0,high,0.5,0.75,FPLG
md_knapsack,fplg,55,3,5.0,,,,67.76650309886396,2.0273767406049727,5.257355921789897,16.151608295000187,2880,160.0,15965.351096001086,750.1792290004232,0,0,8.55020233378067,2.209859381871826,9.433901200272551,15.172168402578226,0.07261470414090329,0.05581123194933475,0.678690549239507,7.3583641461821685,cpu,,0.1536873350138664,,0.3750348652285362,,,65.6608234080004,FDFL-Scal,2.0,high,0.5,0.75,FPLG
