task,method,seed,stage_idx,lambda,val_regret,val_fairness,val_pred_mse,test_regret,test_fairness,test_pred_mse,stage_wallclock_sec,solver_calls_train,solver_calls_eval,decision_ms_train,decision_ms_eval,nan_or_inf_steps,exploding_steps,avg_grad_norm_combined,grad_norm_min,grad_norm_median,grad_norm_max,avg_cos_dec_pred,avg_cos_dec_fair,avg_cos_pred_fair,weight_norm,device,val_regret_normalized,test_regret_normalized,val_regret_normalized_true,test_regret_normalized_true,val_regret_normalized_pred_obj,test_regret_normalized_pred_obj,cumulative_wallclock_sec,method_label,alpha_fair,unfairness_level,group_bias,group_ratio,config_name
md_knapsack,fpto,55,0,0.0,,,,3.567876616229318,0.472998444704977,4.716338418959014,0.4448211659998833,0,160.0,0.0,753.0951240000832,0,0,0.2336030616921941,0.23351063748414821,0.23359466921032906,0.2337029635144675,0.0,0.0,0.34666463168206335,10.87560530437641,cpu,,0.07262352346419121,,0.13347008472102134,,,0.4448211659998833,FPTO,0.5,mild,0.1,0.5,FPTO
md_knapsack,fpto,55,1,0.5,,,,3.5670883312014126,0.4720389469275017,4.715935527408932,0.4472458889999871,0,160.0,0.0,716.9021270001394,0,0,0.2866746389187012,0.27844029834124284,0.28762728640095914,0.2911702606749752,0.0,0.0,0.34675333441712897,10.875619834133754,cpu,,0.07260499178778468,,0.13343773652116658,,,0.8920670549998704,FPTO,0.5,mild,0.1,0.5,FPTO
md_knapsack,fpto,55,2,1.0,,,,3.5664797587246695,0.4712953085536064,4.715623187756689,0.6645315450000453,0,160.0,0.0,1040.5342740000378,0,0,0.3447441805388568,0.2832574681638797,0.3542637889225351,0.3736947157287368,0.0,0.0,0.34689755968273495,10.875632775651432,cpu,,0.07259068836237295,,0.13341276597493645,,,1.5565985999999157,FPTO,0.5,mild,0.1,0.5,FPTO
md_knapsack,fpto,55,3,5.0,,,,3.5660856802800467,0.47081179782663496,4.715420065417001,0.9628978619998634,0,160.0,0.0,1126.076624999996,0,0,0.4565486864115861,0.2192187411833944,0.22161731992564077,1.2102555559449597,0.0,0.0,-0.05238630561516109,10.87564187864405,cpu,,0.0725814271251494,,0.13339659561550782,,,2.519496461999779,FPTO,0.5,mild,0.1,0.5,FPTO
