task,method,seed,stage_idx,lambda,val_regret,val_fairness,val_pred_mse,test_regret,test_fairness,test_pred_mse,stage_wallclock_sec,solver_calls_train,solver_calls_eval,decision_ms_train,decision_ms_eval,nan_or_inf_steps,exploding_steps,avg_grad_norm_combined,grad_norm_min,grad_norm_median,grad_norm_max,avg_cos_dec_pred,avg_cos_dec_fair,avg_cos_pred_fair,weight_norm,device,val_regret_normalized,test_regret_normalized,val_regret_normalized_true,test_regret_normalized_true,val_regret_normalized_pred_obj,test_regret_normalized_pred_obj,cumulative_wallclock_sec,method_label,alpha_fair,unfairness_level,group_bias,group_ratio,config_name
md_knapsack,fpto,33,0,0.0,,,,72.67604477134185,2.133612465181617,5.354708452469649,0.2915943950001747,0,160.0,0.0,1272.694945000012,0,0,0.48942080526426646,0.48818095875830075,0.4893793826053463,0.4907973959027981,0.0,0.0,0.6341099783611708,7.241732877988878,cpu,,0.16396023610757485,,0.4053702786322976,,,0.2915943950001747,FPTO,2.0,high,0.5,0.75,FPTO
md_knapsack,fpto,33,1,0.5,,,,72.62889139065075,2.1313791942801936,5.352484050852935,0.2973293239999748,0,160.0,0.0,1242.28810600016,0,0,0.6284502675704625,0.6262215025887672,0.6283273660200435,0.6309928868787915,0.0,0.0,0.6344771554305566,7.241939291875193,cpu,,0.16385997557019844,,0.4050773895253924,,,0.5889237190001495,FPTO,2.0,high,0.5,0.75,FPTO
md_knapsack,fpto,33,2,1.0,,,,72.58191695731418,2.1291336290888507,5.350249333083914,0.283234450000009,0,160.0,0.0,1215.1355409998814,0,0,0.789920204586269,0.7864104710012079,0.789746602505823,0.7941884257284378,0.0,0.0,0.6348390279761895,7.242166139011989,cpu,,0.16375992344595866,,0.4047853319444202,,,0.8721581690001585,FPTO,2.0,high,0.5,0.75,FPTO
md_knapsack,fpto,33,3,5.0,,,,72.2138994873161,2.1107820505590205,5.3319293209717475,0.20375190699996892,0,160.0,0.0,756.1837619998641,0,0,2.27300832120686,2.2443569283745766,2.2713747587447766,2.310812550968241,0.0,0.0,0.640664114077697,7.2447225538720135,cpu,,0.16297115388645214,,0.40248938142931107,,,1.0759100760001274,FPTO,2.0,high,0.5,0.75,FPTO
