method,best_lambda,test_reg_n,test_reg_n_std,test_fair,test_fair_std,train_reg_n,train_fair,train_test_gap,early_stop_step
wdro,0.0,0.04898,0.00026,1.56179,0.12044,0.04868,1.64701,0.0003,70.0
fpto,0.0,0.0501,0.00049,1.71329,0.10038,0.04979,1.80179,0.00032,70.0
pcgrad,0.0,0.05833,0.00154,0.07999,0.08162,0.05819,0.001,0.00014,70.0
fplg,2.0,0.07386,0.00092,0.00466,0.00165,0.07376,0.00476,0.0001,70.0
fdfl-scal,0.0,0.07489,0.00067,0.00201,0.00109,0.07476,0.00211,0.00013,70.0
saa,0.0,0.07525,0.0002,0.001,0.0,0.07515,0.001,0.0001,0.0
mgda,0.0,0.07576,0.00053,0.00159,7e-05,0.0756,0.00148,0.00016,70.0
