method,best_lambda,test_reg_n,test_reg_n_std,test_fair,test_fair_std,train_reg_n,train_fair,train_test_gap,early_stop_step
wdro,0.0,0.04896,0.00049,0.00512,0.00046,0.04852,0.00403,0.00044,70.0
fpto,0.0,0.04999,0.00078,0.00574,0.00053,0.04957,0.00458,0.00042,70.0
pcgrad,0.0,0.05002,0.00075,0.00567,0.00046,0.04957,0.0043,0.00045,70.0
fplg,2.0,0.07384,0.00124,0.01524,0.00138,0.07353,0.01364,0.00031,70.0
fdfl-scal,2.0,0.07494,0.00129,0.01527,0.00139,0.07462,0.01366,0.00032,70.0
saa,0.0,0.07537,0.00024,0.01,0.00116,0.07503,0.00892,0.00034,0.0
mgda,0.0,0.07588,0.00135,0.01527,0.00139,0.07555,0.01367,0.00033,70.0
