method,best_lambda,test_reg_n,test_reg_n_std,test_fair,test_fair_std,train_reg_n,train_fair,train_test_gap,early_stop_step
pcgrad,0.0,0.04873,0.00036,21.21686,0.8025,0.04795,11.89964,0.00077,70.0
wdro,0.0,0.04898,0.00026,20.40141,0.17144,0.04868,18.53605,0.0003,70.0
fpto,1.0,0.0495,0.00022,20.80553,0.74814,0.04893,13.36844,0.00057,70.0
fdfl-scal,0.5,0.06647,0.00372,111.84587,8.85398,0.06639,108.60709,8e-05,70.0
fplg,2.0,0.07355,0.00104,116.75,6.13271,0.07346,113.85213,0.0001,70.0
saa,0.0,0.07525,0.0002,56.79495,3.96432,0.07515,56.41675,0.0001,0.0
mgda,0.0,0.07576,0.00052,117.34999,6.02093,0.07559,114.45862,0.00016,70.0
