method,best_lambda,test_reg_n,test_reg_n_std,test_fair,test_fair_std,train_reg_n,train_fair,train_test_gap,early_stop_step
fplg,0.5,0.12672,0.00193,24.4791,0.35965,0.12382,19.89546,0.00289,70.0
pcgrad,0.0,0.12742,0.00173,27.87913,3.90318,0.12454,17.50806,0.00288,70.0
fdfl-scal,0.0,0.12993,0.00199,22.13459,0.44442,0.1287,19.37851,0.00124,70.0
mgda,0.0,0.13007,0.00039,27.74814,1.80168,0.12867,18.22847,0.0014,70.0
wdro,0.0,0.15011,0.00211,20.40141,0.17144,0.15035,18.53605,-0.00023,70.0
fpto,0.5,0.15256,0.00161,21.73586,0.87367,0.1529,16.78729,-0.00033,70.0
saa,0.0,0.28073,0.00205,56.79495,3.96432,0.27845,56.41675,0.00228,0.0
