task,method,seed,stage_idx,lambda,iter,alpha_t,beta_t,lr_t,loss_dec,loss_pred,loss_fair,grad_norm_dec,grad_norm_pred,grad_norm_fair,grad_norm_combined,delta_theta_l2,cos_dec_pred,cos_dec_fair,cos_pred_fair,solver_calls,decision_ms,nan_or_inf_flag,nan_or_inf_steps_so_far,exploding_steps_so_far,device,guided_norm_dec,guided_norm_pred,guided_scale,guided_ratio_pred_over_dec,guided_dir_norm,loss_dec_normalized,loss_dec_normalized_true,method_label,alpha_fair,unfairness_level,group_bias,group_ratio,config_name
md_knapsack,wdro,55,0,0.0,0,1.0,0.0,0.001,0.0,9.127290218221837,1.9359113370999383,1e-06,0.5775614815335695,1e-06,0.5775614815335695,0.000577561481532704,0.0,0.0,0.0,0,0.0,0,0,0,cpu,,,,,,0.0,0.0,WDRO,2.0,high,0.5,0.75,WDRO
md_knapsack,wdro,55,0,0.0,5,1.0,0.0,0.0009975062344139652,0.0,9.122527081400365,1.9351177660887078,1e-06,0.5776024620411407,1e-06,0.5776024620411407,0.0005761620568980301,0.0,0.0,0.0,0,0.0,0,0,0,cpu,,,,,,0.0,0.0,WDRO,2.0,high,0.5,0.75,WDRO
md_knapsack,wdro,55,0,0.0,10,1.0,0.0,0.0009950248756218907,0.0,9.117780804829522,1.9343258664918828,1e-06,0.577743991833782,1e-06,0.577743991833782,0.0005748696436148396,0.0,0.0,0.0,0,0.0,0,0,0,cpu,,,,,,0.0,0.0,WDRO,2.0,high,0.5,0.75,WDRO
md_knapsack,wdro,55,0,0.0,15,1.0,0.0,0.0009925558312655087,0.0,9.113048865894823,1.933535873204514,1e-06,0.5780694705401545,1e-06,0.5780694705401545,0.0005737662238603389,0.0,0.0,0.0,0,0.0,0,0,0,cpu,,,,,,0.0,0.0,WDRO,2.0,high,0.5,0.75,WDRO
md_knapsack,wdro,55,0,0.0,20,1.0,0.0,0.0009900990099009901,0.0,9.108331070496844,1.932747139903501,1e-06,0.5782145884788358,1e-06,0.5782145884788358,0.0005724896915623451,0.0,0.0,0.0,0,0.0,0,0,0,cpu,,,,,,0.0,0.0,WDRO,2.0,high,0.5,0.75,WDRO
md_knapsack,wdro,55,0,0.0,25,1.0,0.0,0.0009876543209876543,0.0,9.10362761025711,1.9319597254854948,1e-06,0.5785689756399326,1e-06,0.5785689756399326,0.000571426148779329,0.0,0.0,0.0,0,0.0,0,0,0,cpu,,,,,,0.0,0.0,WDRO,2.0,high,0.5,0.75,WDRO
md_knapsack,wdro,55,0,0.0,30,1.0,0.0,0.0009852216748768474,0.0,9.098937217827437,1.931173195774096,1e-06,0.5788535622381424,1e-06,0.5788535622381424,0.0005702990760958433,0.0,0.0,0.0,0,0.0,0,0,0,cpu,,,,,,0.0,0.0,WDRO,2.0,high,0.5,0.75,WDRO
md_knapsack,wdro,55,0,0.0,35,1.0,0.0,0.0009828009828009828,0.0,9.094261206504711,1.9303877083279772,1e-06,0.5791314236664148,1e-06,0.5791314236664148,0.0005691709323494318,0.0,0.0,0.0,0,0.0,0,0,0,cpu,,,,,,0.0,0.0,WDRO,2.0,high,0.5,0.75,WDRO
